,id,label
1204,026-136.16_pic2.jpeg,0
17308,026-175.58_pic4.jpeg,0
4848,008-084.34_pic0.jpeg,0
8837,010-114.12_pic2.jpeg,0
365,026-207.11_pic3.jpeg,0
10524,010-066.09_pic3.jpeg,0
19352,052-264.01_pic1.jpeg,1
13017,010-184.10_pic3.jpeg,1
16086,001-096.16_pic0.jpeg,1
1570,026-119.14_pic4.jpeg,0
25799,373-555.07_pic0.jpeg,1
23557,073-936.32_pic0.jpeg,1
25833,373-555.04_pic0.jpeg,1
25739,373-555.12_pic4.jpeg,2
13634,011-194.04_pic4.jpeg,1
9455,010-095.25_pic0.jpeg,0
12770,010-006.32_pic3.jpeg,1
19758,052-276.04_pic0.jpeg,1
3772,045-165.07_pic4.jpeg,0
24974,073-876.03_pic3.jpeg,0
22368,373-531.46_pic3.jpeg,0
1337,026-095.28_pic4.jpeg,0
17469,026-184.25_pic0.jpeg,0
24807,073-833.06_pic3.jpeg,1
25728,373-555.13_pic4.jpeg,2
15815,008-043.27_pic4.jpeg,2
21149,373-535.13_pic0.jpeg,0
15989,008-046.24_pic0.jpeg,1
20592,052-302.27_pic1.jpeg,0
14996,008-021.40_pic3.jpeg,1
13704,011-232.07_pic2.jpeg,1
21752,073-912.43_pic1.jpeg,0
7821,011-148.11_pic0.jpeg,0
14157,010-018.28_pic3.jpeg,1
23547,073-936.01_pic1.jpeg,2
21208,373-543.07_pic1.jpeg,0
20235,052-384.27_pic1.jpeg,0
19311,052-263.03_pic2.jpeg,0
19971,052-280.23_pic3.jpeg,0
2514,025-053.25_pic3.jpeg,0
4481,008-083.20_pic0.jpeg,0
8101,011-082.03_pic3.jpeg,0
2516,025-054.06_pic0.jpeg,0
11956,045-173.13_pic4.jpeg,0
14325,010-025.07_pic4.jpeg,1
20559,052-303.08_pic2.jpeg,0
13363,010-091.31_pic0.jpeg,1
11495,010-057.02_pic3.jpeg,0
13325,010-052.18_pic2.jpeg,1
13356,010-093.17_pic4.jpeg,1
17053,026-179.24_pic0.jpeg,0
1563,026-120.52_pic0.jpeg,0
19621,052-260.14_pic0.jpeg,0
15481,008-024.09_pic0.jpeg,1
4883,008-084.29_pic1.jpeg,0
19335,052-262.33_pic2.jpeg,1
23955,373-608.16_pic3.jpeg,2
16251,008-003.27_pic3.jpeg,0
6193,007-032.40_pic4.jpeg,0
886,026-172.42_pic0.jpeg,0
22999,073-936.13_pic3.jpeg,0
24794,073-827.35_pic2.jpeg,2
12098,045-145.04_pic0.jpeg,1
19854,052-281.08_pic0.jpeg,0
13759,011-231.09_pic0.jpeg,0
13663,011-194.23_pic4.jpeg,1
15588,008-034.37_pic3.jpeg,1
516,026-207.01_pic1.jpeg,0
5420,008-078.41_pic2.jpeg,0
13301,010-052.11_pic3.jpeg,1
16454,008-016.25_pic0.jpeg,0
16609,008-014.20_pic0.jpeg,1
19213,052-362.78_pic0.jpeg,1
23789,373-613.09_pic3.jpeg,2
2094,026-112.34_pic3.jpeg,0
23587,073-935.01_pic2.jpeg,0
13717,011-237.21_pic1.jpeg,0
12247,045-724.05_pic0.jpeg,1
15625,008-035.05_pic0.jpeg,0
901,026-172.44_pic0.jpeg,0
13315,010-052.06_pic1.jpeg,1
17844,026-125.16_pic0.jpeg,2
15018,008-020.25_pic0.jpeg,2
14001,010-001.08_pic1.jpeg,1
3217,045-546.11_pic2.jpeg,0
13355,010-093.17_pic0.jpeg,1
15006,008-021.32_pic0.jpeg,1
13606,011-193.33_pic4.jpeg,1
17656,026-213.10_pic2.jpeg,0
25216,073-875.23_pic1.jpeg,2
13549,011-193.20_pic3.jpeg,1
16039,001-098.25_pic0.jpeg,2
11181,010-059.05_pic2.jpeg,0
12683,045-505.14_pic0.jpeg,1
22939,073-939.04_pic2.jpeg,0
23664,373-103.09_pic0.jpeg,0
9028,010-100.20_pic2.jpeg,0
13131,010-187.02_pic1.jpeg,1
15930,008-046.03_pic0.jpeg,1
17946,026-109.24_pic3.jpeg,2
13148,010-091.33_pic0.jpeg,1
21442,073-913.18_pic0.jpeg,0
23687,373-103.45_pic4.jpeg,0
14723,010-043.02_pic0.jpeg,1
19552,052-277.13_pic1.jpeg,0
16096,001-096.05_pic4.jpeg,1
12752,010-006.15_pic3.jpeg,1
11331,010-047.04_pic0.jpeg,0
12277,045-724.14_pic0.jpeg,1
13833,010-002.29_pic0.jpeg,0
13922,010-022.36_pic1.jpeg,0
17767,026-107.01_pic1.jpeg,2
13931,010-022.26_pic2.jpeg,0
16847,026-178.50_pic4.jpeg,2
14683,010-043.28_pic0.jpeg,0
14073,010-002.10_pic1.jpeg,1
16094,001-096.05_pic0.jpeg,1
12033,045-148.02_pic1.jpeg,1
20152,052-284.01_pic4.jpeg,0
387,026-207.10_pic1.jpeg,0
4683,008-083.29_pic0.jpeg,0
19703,052-274.18_pic1.jpeg,0
7168,011-227.06_pic1.jpeg,0
3759,061-528.49_pic2.jpeg,0
9131,010-095.19_pic4.jpeg,0
16502,008-011.14_pic0.jpeg,1
8108,011-075.07_pic0.jpeg,0
14493,010-030.01_pic2.jpeg,1
13015,010-184.33_pic4.jpeg,1
16643,008-010.20_pic0.jpeg,2
18846,060-195.27_pic2.jpeg,0
16430,008-009.23_pic4.jpeg,1
15254,002-040.23_pic1.jpeg,1
85,026-215.32_pic3.jpeg,0
179,026-214.38_pic2.jpeg,0
8300,011-075.01_pic3.jpeg,0
17022,026-176.06_pic1.jpeg,2
6231,007-032.21_pic1.jpeg,0
23586,073-935.01_pic0.jpeg,0
25737,373-555.12_pic2.jpeg,2
13597,011-194.05_pic0.jpeg,1
11551,027-096.05_pic0.jpeg,0
13223,010-071.20_pic2.jpeg,0
13165,010-074.09_pic0.jpeg,1
13401,010-093.35_pic2.jpeg,1
25467,073-869.37_pic0.jpeg,0
12768,010-006.32_pic1.jpeg,1
17520,026-186.24_pic2.jpeg,2
7817,011-149.02_pic2.jpeg,0
120,026-215.17_pic0.jpeg,0
6173,007-297.10_pic3.jpeg,0
13784,010-002.07_pic0.jpeg,0
1581,026-119.12_pic3.jpeg,0
15424,008-030.06_pic2.jpeg,1
21690,073-913.07_pic0.jpeg,0
23192,073-939.25_pic1.jpeg,2
12613,061-502.43_pic4.jpeg,0
15603,008-032.11_pic2.jpeg,1
19418,052-264.63_pic2.jpeg,1
1159,026-136.19_pic0.jpeg,0
17759,026-108.38_pic2.jpeg,2
13127,010-005.14_pic3.jpeg,1
13781,010-004.19_pic2.jpeg,1
6978,011-239.20_pic2.jpeg,0
3793,045-167.04_pic0.jpeg,0
15023,008-018.07_pic0.jpeg,1
25887,373-094.33_pic3.jpeg,1
20571,052-302.25_pic0.jpeg,0
13149,010-091.33_pic1.jpeg,1
23500,073-932.14_pic3.jpeg,2
24250,073-923.06_pic0.jpeg,0
16278,008-003.11_pic1.jpeg,1
13373,010-093.15_pic2.jpeg,1
3311,045-541.05_pic4.jpeg,0
710,026-172.23_pic0.jpeg,0
15214,002-039.12_pic4.jpeg,1
7100,011-220.21_pic3.jpeg,0
13598,011-194.05_pic1.jpeg,1
449,026-207.26_pic3.jpeg,0
2853,045-732.07_pic0.jpeg,0
19691,052-273.17_pic3.jpeg,0
12383,045-729.13_pic0.jpeg,1
4477,008-082.32_pic2.jpeg,0
13661,011-194.23_pic1.jpeg,1
25834,373-555.04_pic1.jpeg,1
25828,373-555.05_pic3.jpeg,1
8451,002-035.13_pic0.jpeg,0
2421,026-111.50_pic2.jpeg,0
7954,011-142.05_pic1.jpeg,0
13631,011-195.08_pic2.jpeg,2
17054,026-178.40_pic1.jpeg,2
13126,010-005.14_pic1.jpeg,1
22075,073-927.50_pic1.jpeg,1
13548,011-193.20_pic2.jpeg,1
25547,073-869.13_pic3.jpeg,1
6604,001-079.31_pic0.jpeg,0
20513,052-302.22_pic2.jpeg,0
19206,052-268.01_pic3.jpeg,0
21774,073-914.03_pic2.jpeg,0
1747,025-090.01_pic0.jpeg,0
14937,002-036.02_pic2.jpeg,2
19416,052-264.63_pic0.jpeg,1
13306,010-055.28_pic3.jpeg,1
20862,052-302.11_pic0.jpeg,1
5210,008-079.21_pic1.jpeg,0
13559,011-193.34_pic0.jpeg,1
14124,010-019.14_pic4.jpeg,0
13750,011-230.08_pic2.jpeg,1
23499,073-932.14_pic2.jpeg,2
14072,010-002.10_pic0.jpeg,1
24595,373-091.04_pic4.jpeg,2
12846,010-006.23_pic1.jpeg,0
24152,073-924.04_pic3.jpeg,0
13567,011-195.04_pic0.jpeg,0
25772,373-068.13_pic3.jpeg,1
13997,010-020.21_pic2.jpeg,1
6307,007-282.03_pic4.jpeg,0
24057,373-725.02_pic0.jpeg,2
8940,010-096.15_pic4.jpeg,0
11402,027-100.15_pic4.jpeg,0
10360,010-064.02_pic4.jpeg,0
17960,026-108.18_pic2.jpeg,1
7538,011-198.14_pic4.jpeg,0
19431,052-362.23_pic0.jpeg,0
17714,026-242.38_pic0.jpeg,0
19381,052-264.36_pic3.jpeg,0
23963,373-723.22_pic2.jpeg,2
16295,008-001.03_pic1.jpeg,1
11994,045-148.25_pic0.jpeg,1
19807,052-376.18_pic0.jpeg,0
24317,373-099.02_pic0.jpeg,0
5893,007-077.17_pic0.jpeg,0
17889,026-109.45_pic2.jpeg,2
24958,073-879.17_pic3.jpeg,0
15608,008-035.02_pic0.jpeg,1
12333,045-731.28_pic4.jpeg,0
18798,060-280.21_pic3.jpeg,0
25932,373-092.03_pic0.jpeg,1
15048,008-018.22_pic3.jpeg,1
2302,025-053.17_pic3.jpeg,0
5551,008-077.41_pic2.jpeg,0
25432,073-993.04_pic3.jpeg,0
12662,045-505.17_pic2.jpeg,0
15813,008-043.27_pic1.jpeg,2
15858,008-039.09_pic0.jpeg,0
15497,008-039.11_pic0.jpeg,1
13013,010-184.33_pic0.jpeg,1
13206,010-071.17_pic0.jpeg,1
16225,008-006.09_pic3.jpeg,1
25722,373-555.14_pic3.jpeg,2
25787,373-555.08_pic1.jpeg,2
25721,373-555.14_pic1.jpeg,2
17801,026-109.35_pic2.jpeg,2
13419,010-091.18_pic0.jpeg,1
19601,052-262.23_pic4.jpeg,0
25508,073-870.41_pic0.jpeg,0
194,026-215.07_pic3.jpeg,0
12862,010-006.25_pic1.jpeg,0
5731,001-102.22_pic2.jpeg,0
17829,026-109.05_pic0.jpeg,1
12646,045-505.19_pic0.jpeg,1
25795,373-554.47_pic0.jpeg,0
24033,373-096.14_pic0.jpeg,0
5889,007-077.02_pic0.jpeg,0
492,026-207.02_pic2.jpeg,0
14438,010-030.03_pic1.jpeg,1
16692,026-180.04_pic0.jpeg,1
16702,026-180.06_pic2.jpeg,1
15480,008-024.10_pic0.jpeg,1
24611,073-690.56_pic0.jpeg,2
12260,045-174.24_pic3.jpeg,1
2083,026-112.24_pic0.jpeg,0
24574,160-892.08_pic0.jpeg,2
3878,045-168.01_pic2.jpeg,0
976,026-171.69_pic3.jpeg,0
25303,073-869.40_pic2.jpeg,0
17104,026-184.18_pic1.jpeg,1
9953,027-145.21_pic2.jpeg,0
25877,373-555.30_pic2.jpeg,2
19199,052-269.03_pic0.jpeg,1
18938,060-195.42_pic4.jpeg,0
11911,045-504.48_pic3.jpeg,1
14594,010-033.21_pic4.jpeg,0
24983,073-876.08_pic0.jpeg,1
21691,073-913.07_pic1.jpeg,0
15666,008-035.44_pic1.jpeg,1
19356,052-263.39_pic4.jpeg,1
12024,045-149.29_pic0.jpeg,0
19133,060-292.11_pic4.jpeg,0
16027,008-001.01_pic1.jpeg,1
15627,008-035.12_pic4.jpeg,0
17842,026-128.03_pic0.jpeg,2
23607,073-933.27_pic0.jpeg,0
4381,008-082.05_pic0.jpeg,0
16231,008-002.05_pic4.jpeg,1
25368,073-873.11_pic0.jpeg,0
17450,026-209.22_pic0.jpeg,2
8792,010-114.03_pic4.jpeg,0
13862,010-004.12_pic1.jpeg,1
13316,010-052.16_pic0.jpeg,1
23962,373-723.22_pic0.jpeg,2
13340,010-039.24_pic0.jpeg,1
13208,010-071.17_pic3.jpeg,1
17802,026-101.06_pic0.jpeg,2
8203,011-079.05_pic1.jpeg,0
16956,026-176.12_pic0.jpeg,2
2298,026-114.13_pic2.jpeg,0
20676,052-303.22_pic0.jpeg,1
22444,073-927.24_pic1.jpeg,0
4833,008-081.09_pic0.jpeg,0
16087,001-098.06_pic0.jpeg,1
4459,008-083.17_pic1.jpeg,0
24829,073-827.40_pic2.jpeg,1
15517,008-042.26_pic2.jpeg,1
24512,160-327.03_pic1.jpeg,2
13070,010-187.18_pic0.jpeg,2
4867,008-084.32_pic1.jpeg,0
9452,010-094.06_pic2.jpeg,0
25395,073-872.18_pic4.jpeg,0
16080,001-097.13_pic1.jpeg,1
11284,010-059.18_pic3.jpeg,0
25736,373-555.12_pic0.jpeg,2
25912,373-094.45_pic0.jpeg,0
553,026-189.11_pic4.jpeg,0
25923,373-094.49_pic2.jpeg,0
12904,010-039.26_pic1.jpeg,2
10082,027-145.26_pic2.jpeg,0
14755,010-042.13_pic1.jpeg,1
16537,008-015.14_pic0.jpeg,1
3030,045-540.22_pic0.jpeg,0
15003,008-018.03_pic4.jpeg,2
17468,026-183.11_pic0.jpeg,1
3037,045-159.13_pic0.jpeg,0
23024,073-936.14_pic3.jpeg,0
1057,026-135.09_pic1.jpeg,0
10047,010-089.21_pic1.jpeg,0
14322,010-025.07_pic1.jpeg,1
25771,373-068.13_pic2.jpeg,1
7138,011-242.23_pic1.jpeg,0
16695,026-174.41_pic0.jpeg,1
22352,073-943.01_pic2.jpeg,0
15556,008-034.05_pic0.jpeg,1
12035,045-151.11_pic0.jpeg,1
20588,052-304.13_pic4.jpeg,1
17299,026-176.16_pic4.jpeg,1
13748,011-232.21_pic2.jpeg,1
1499,026-120.19_pic1.jpeg,0
16670,026-177.47_pic0.jpeg,0
15812,008-042.02_pic4.jpeg,0
19911,052-273.11_pic0.jpeg,0
22241,373-531.04_pic2.jpeg,0
16077,001-097.03_pic0.jpeg,1
25852,373-555.02_pic2.jpeg,2
15878,008-055.04_pic4.jpeg,2
12889,010-006.26_pic3.jpeg,1
16043,001-098.15_pic0.jpeg,1
17612,026-242.21_pic4.jpeg,2
24273,073-923.13_pic3.jpeg,0
16345,008-145.02_pic3.jpeg,1
3487,045-541.61_pic4.jpeg,0
3633,061-529.35_pic0.jpeg,0
17225,026-185.01_pic3.jpeg,2
2498,025-053.07_pic0.jpeg,0
21767,073-941.26_pic3.jpeg,0
14363,010-022.06_pic0.jpeg,1
13632,011-194.04_pic1.jpeg,1
20147,052-282.13_pic3.jpeg,1
17901,026-108.20_pic0.jpeg,2
23671,373-103.40_pic4.jpeg,0
13528,011-199.16_pic3.jpeg,1
18748,060-277.23_pic4.jpeg,0
21097,373-543.28_pic1.jpeg,0
17913,026-103.17_pic1.jpeg,1
9089,010-095.08_pic1.jpeg,0
12993,010-184.13_pic3.jpeg,1
17872,026-128.02_pic4.jpeg,1
13442,010-091.23_pic0.jpeg,2
1053,026-134.04_pic4.jpeg,0
14323,010-025.07_pic2.jpeg,1
24592,373-091.04_pic1.jpeg,2
16978,026-174.24_pic3.jpeg,2
3378,045-538.08_pic0.jpeg,0
14966,008-020.07_pic2.jpeg,1
16744,026-180.07_pic4.jpeg,1
14954,008-027.35_pic3.jpeg,1
25826,373-555.05_pic0.jpeg,1
21652,073-912.12_pic4.jpeg,0
19860,052-275.17_pic2.jpeg,0
14059,027-019.03_pic4.jpeg,0
12328,045-731.02_pic3.jpeg,1
25885,373-094.33_pic0.jpeg,1
22074,073-927.50_pic0.jpeg,1
13813,010-002.02_pic3.jpeg,0
19354,052-263.39_pic1.jpeg,1
12327,045-731.02_pic2.jpeg,1
23773,373-613.01_pic3.jpeg,2
25831,373-555.23_pic2.jpeg,2
7756,011-149.06_pic0.jpeg,0
15430,008-032.21_pic0.jpeg,1
11411,010-057.04_pic1.jpeg,0
14893,002-038.01_pic1.jpeg,1
13138,010-074.16_pic0.jpeg,1
1506,025-110.07_pic4.jpeg,0
16504,008-009.37_pic0.jpeg,1
21131,373-535.03_pic0.jpeg,0
20088,052-284.06_pic0.jpeg,0
14994,008-027.27_pic3.jpeg,1
15750,008-040.02_pic0.jpeg,1
24677,073-833.22_pic4.jpeg,0
22384,073-944.02_pic0.jpeg,0
14150,010-023.18_pic1.jpeg,0
19772,052-376.16_pic2.jpeg,0
24886,073-827.52_pic2.jpeg,2
17966,026-100.03_pic0.jpeg,1
14661,010-050.14_pic4.jpeg,1
25692,373-554.39_pic4.jpeg,0
18045,052-314.10_pic3.jpeg,0
17959,026-108.18_pic1.jpeg,1
3737,045-533.30_pic0.jpeg,0
21775,073-914.03_pic3.jpeg,0
4966,008-085.48_pic2.jpeg,0
13091,010-187.35_pic2.jpeg,0
17923,026-107.27_pic0.jpeg,0
5588,008-077.30_pic2.jpeg,0
15772,008-042.03_pic0.jpeg,1
14401,010-042.01_pic0.jpeg,2
17906,026-107.32_pic0.jpeg,0
25466,073-871.33_pic4.jpeg,0
19126,060-301.18_pic0.jpeg,0
13600,011-193.11_pic1.jpeg,1
16046,001-097.10_pic0.jpeg,1
14955,002-036.01_pic4.jpeg,2
23774,373-101.11_pic0.jpeg,0
13253,010-055.06_pic3.jpeg,1
14504,010-031.14_pic3.jpeg,1
16015,008-041.02_pic2.jpeg,2
43,026-215.36_pic0.jpeg,0
6968,011-239.21_pic0.jpeg,0
15067,002-047.11_pic4.jpeg,0
25839,373-554.51_pic0.jpeg,2
14364,010-020.12_pic0.jpeg,1
4952,008-080.12_pic4.jpeg,0
20511,052-302.05_pic0.jpeg,0
19200,052-269.03_pic3.jpeg,1
14266,010-018.17_pic3.jpeg,0
22577,073-948.10_pic0.jpeg,0
19309,052-262.31_pic0.jpeg,0
3003,045-162.32_pic1.jpeg,0
12339,045-728.16_pic0.jpeg,1
23497,073-932.14_pic0.jpeg,2
7789,011-149.04_pic0.jpeg,0
15744,008-041.28_pic0.jpeg,0
8582,002-013.06_pic4.jpeg,0
10876,027-141.24_pic0.jpeg,0
15652,008-035.22_pic0.jpeg,1
21192,373-535.01_pic2.jpeg,0
2960,045-162.25_pic0.jpeg,0
19118,060-297.06_pic3.jpeg,0
15055,008-018.02_pic0.jpeg,2
17805,026-107.06_pic0.jpeg,1
11041,010-047.16_pic2.jpeg,0
25699,373-553.26_pic2.jpeg,0
16466,008-017.33_pic0.jpeg,2
15931,008-046.03_pic2.jpeg,1
25217,073-875.23_pic4.jpeg,2
15881,008-055.05_pic0.jpeg,1
24339,073-925.15_pic0.jpeg,0
24105,373-097.23_pic2.jpeg,0
13299,010-052.10_pic4.jpeg,1
5621,008-008.05_pic0.jpeg,0
24844,073-827.42_pic2.jpeg,0
5586,008-077.30_pic0.jpeg,0
17458,026-183.12_pic0.jpeg,1
15539,008-039.23_pic0.jpeg,0
14662,010-051.07_pic0.jpeg,0
24500,160-327.05_pic2.jpeg,2
24698,073-835.06_pic0.jpeg,2
16227,008-007.03_pic0.jpeg,1
6680,001-071.08_pic4.jpeg,0
22312,073-941.13_pic0.jpeg,0
17437,026-211.26_pic0.jpeg,2
15866,008-039.06_pic4.jpeg,0
13246,010-071.21_pic0.jpeg,1
87,026-215.41_pic1.jpeg,0
14946,002-036.20_pic4.jpeg,2
16224,008-006.09_pic1.jpeg,1
25836,373-554.50_pic1.jpeg,0
25896,373-094.38_pic4.jpeg,0
17454,026-184.10_pic0.jpeg,1
17186,026-183.27_pic0.jpeg,1
17074,026-175.17_pic0.jpeg,2
23751,373-613.05_pic0.jpeg,0
14525,010-032.07_pic4.jpeg,0
19873,052-276.14_pic2.jpeg,0
23123,073-939.28_pic4.jpeg,2
16405,008-014.42_pic2.jpeg,1
11932,045-151.01_pic2.jpeg,1
13498,011-230.19_pic1.jpeg,1
15941,008-046.10_pic0.jpeg,1
19572,052-260.12_pic1.jpeg,0
6042,007-042.22_pic4.jpeg,0
23961,373-608.34_pic3.jpeg,0
16571,008-011.31_pic0.jpeg,1
20657,052-296.03_pic1.jpeg,0
8966,010-100.25_pic3.jpeg,0
8729,002-018.16_pic1.jpeg,0
16587,008-011.24_pic3.jpeg,1
16833,026-178.03_pic2.jpeg,1
17871,026-128.02_pic0.jpeg,1
19067,060-300.09_pic3.jpeg,0
11472,010-048.06_pic3.jpeg,0
247,026-214.45_pic1.jpeg,0
21590,073-912.09_pic0.jpeg,0
15266,002-117.01_pic2.jpeg,1
12965,010-034.05_pic3.jpeg,1
25743,373-555.17_pic1.jpeg,2
6847,011-239.09_pic0.jpeg,0
5709,001-102.23_pic2.jpeg,0
25840,373-554.51_pic1.jpeg,2
1172,026-136.11_pic3.jpeg,0
12677,045-505.15_pic0.jpeg,1
15917,008-055.16_pic0.jpeg,1
17791,026-109.41_pic0.jpeg,1
17428,026-212.26_pic4.jpeg,0
10036,010-077.16_pic4.jpeg,0
10864,027-141.23_pic2.jpeg,0
19336,052-262.33_pic4.jpeg,1
14667,010-051.04_pic1.jpeg,1
20735,052-309.14_pic2.jpeg,0
1125,026-131.09_pic3.jpeg,0
13752,011-231.15_pic0.jpeg,1
1180,026-134.12_pic2.jpeg,0
15611,008-024.40_pic1.jpeg,1
18693,060-196.13_pic3.jpeg,0
25813,373-555.06_pic0.jpeg,1
21183,373-535.15_pic2.jpeg,0
17593,026-241.15_pic1.jpeg,2
2813,026-113.63_pic0.jpeg,0
10416,027-142.31_pic4.jpeg,0
24405,073-925.21_pic2.jpeg,0
17235,026-185.32_pic0.jpeg,0
16306,008-012.05_pic4.jpeg,1
16411,008-009.26_pic3.jpeg,1
18314,060-175.37_pic3.jpeg,0
20415,052-307.12_pic0.jpeg,0
25003,073-876.51_pic2.jpeg,0
17870,026-123.01_pic4.jpeg,1
9700,010-078.18_pic3.jpeg,0
21624,373-532.25_pic0.jpeg,0
17467,026-182.09_pic0.jpeg,1
17608,026-242.24_pic2.jpeg,2
8742,002-012.26_pic3.jpeg,0
19158,060-293.11_pic2.jpeg,2
3542,045-538.27_pic0.jpeg,0
14542,010-024.15_pic2.jpeg,0
9321,027-169.12_pic1.jpeg,0
15080,008-025.15_pic0.jpeg,1
23873,373-103.61_pic3.jpeg,2
12684,045-505.14_pic2.jpeg,1
14792,010-042.15_pic0.jpeg,2
10993,027-143.22_pic1.jpeg,0
13309,010-055.02_pic3.jpeg,1
17787,026-108.39_pic3.jpeg,1
15976,008-046.26_pic4.jpeg,1
18420,060-191.24_pic1.jpeg,0
13330,010-052.19_pic1.jpeg,1
14198,010-019.23_pic3.jpeg,1
24079,373-097.11_pic0.jpeg,0
24509,160-897.05_pic2.jpeg,2
12272,045-723.32_pic1.jpeg,0
5622,008-008.05_pic1.jpeg,0
20233,052-294.24_pic2.jpeg,0
15836,008-042.22_pic4.jpeg,0
13420,010-091.18_pic3.jpeg,1
2209,026-110.16_pic4.jpeg,0
13387,010-093.36_pic1.jpeg,1
24904,073-735.12_pic0.jpeg,0
8567,011-073.15_pic0.jpeg,0
16542,008-016.14_pic3.jpeg,1
3465,045-535.08_pic0.jpeg,0
19654,052-276.22_pic1.jpeg,0
16014,008-041.04_pic0.jpeg,1
25726,373-555.13_pic1.jpeg,2
14319,010-026.12_pic0.jpeg,2
18057,052-314.23_pic2.jpeg,0
10799,010-066.26_pic1.jpeg,0
23550,073-936.01_pic4.jpeg,2
8797,010-114.07_pic1.jpeg,0
9759,010-078.16_pic0.jpeg,0
14365,010-020.12_pic2.jpeg,1
20860,052-312.01_pic0.jpeg,1
7641,011-146.01_pic3.jpeg,0
12426,045-730.07_pic2.jpeg,0
20918,052-326.01_pic1.jpeg,0
10690,027-142.18_pic0.jpeg,0
11037,010-058.18_pic0.jpeg,0
1203,026-136.16_pic1.jpeg,0
12637,045-506.40_pic3.jpeg,1
18949,060-288.23_pic0.jpeg,0
5396,008-078.51_pic0.jpeg,0
4987,008-080.17_pic1.jpeg,0
18838,060-279.25_pic2.jpeg,0
7921,011-143.04_pic2.jpeg,0
20817,052-298.05_pic0.jpeg,0
14965,008-020.07_pic0.jpeg,1
11934,045-152.24_pic2.jpeg,1
15965,008-046.14_pic2.jpeg,1
15227,008-021.03_pic0.jpeg,1
9245,010-095.11_pic0.jpeg,0
23501,073-932.14_pic4.jpeg,2
18000,052-299.05_pic0.jpeg,0
15053,008-019.14_pic0.jpeg,2
15007,008-019.07_pic0.jpeg,1
16431,008-013.19_pic0.jpeg,1
13432,010-091.14_pic4.jpeg,1
21906,073-913.28_pic0.jpeg,0
2009,025-078.10_pic0.jpeg,0
4420,008-083.09_pic1.jpeg,0
16308,008-009.14_pic1.jpeg,1
18657,060-196.10_pic2.jpeg,0
16049,001-097.08_pic0.jpeg,2
25057,073-876.28_pic4.jpeg,0
14029,027-019.16_pic0.jpeg,1
10361,010-075.21_pic0.jpeg,0
13235,010-071.24_pic0.jpeg,1
15070,002-049.01_pic4.jpeg,2
22534,073-947.09_pic1.jpeg,0
24473,073-926.20_pic0.jpeg,0
23772,373-613.01_pic0.jpeg,2
15246,008-027.15_pic0.jpeg,1
23498,073-932.14_pic1.jpeg,2
25084,073-879.06_pic2.jpeg,2
13408,010-093.32_pic0.jpeg,1
12028,045-150.12_pic4.jpeg,0
15938,008-045.11_pic0.jpeg,1
14854,008-018.47_pic0.jpeg,0
16981,026-174.32_pic0.jpeg,2
13722,011-237.13_pic1.jpeg,1
22989,073-939.22_pic3.jpeg,0
16831,026-178.03_pic0.jpeg,1
231,026-214.01_pic4.jpeg,0
25326,073-873.05_pic3.jpeg,0
16029,008-003.15_pic0.jpeg,2
14612,010-033.10_pic2.jpeg,1
5814,001-094.23_pic3.jpeg,0
13278,010-055.05_pic2.jpeg,1
15061,002-049.03_pic3.jpeg,1
12526,061-502.53_pic0.jpeg,1
19498,052-260.10_pic1.jpeg,0
3171,045-160.22_pic3.jpeg,0
16223,008-003.18_pic4.jpeg,0
14903,002-038.17_pic0.jpeg,1
931,026-173.45_pic1.jpeg,0
25097,073-993.18_pic4.jpeg,0
16147,008-015.24_pic1.jpeg,1
6896,011-242.08_pic2.jpeg,0
5277,008-078.08_pic1.jpeg,0
19359,052-263.40_pic2.jpeg,0
20666,052-296.01_pic2.jpeg,0
18474,060-172.02_pic3.jpeg,1
4942,008-080.11_pic4.jpeg,0
24591,373-091.04_pic0.jpeg,2
16244,008-006.14_pic0.jpeg,1
9439,027-169.02_pic2.jpeg,0
10034,010-077.16_pic2.jpeg,0
12651,045-503.38_pic3.jpeg,1
23191,073-939.25_pic0.jpeg,2
15440,008-031.42_pic3.jpeg,1
9436,027-169.14_pic1.jpeg,0
1305,026-096.18_pic0.jpeg,0
13998,010-020.21_pic4.jpeg,1
16413,008-009.27_pic3.jpeg,1
3464,061-529.30_pic4.jpeg,0
15311,002-038.05_pic4.jpeg,2
14657,010-051.06_pic0.jpeg,0
803,026-171.60_pic4.jpeg,0
11148,010-046.07_pic0.jpeg,0
2883,045-163.11_pic4.jpeg,0
3090,045-160.02_pic1.jpeg,0
21457,073-914.17_pic0.jpeg,0
14904,002-038.17_pic1.jpeg,1
12606,045-503.01_pic3.jpeg,1
10408,010-064.27_pic4.jpeg,0
15056,008-018.02_pic3.jpeg,2
15042,008-018.30_pic2.jpeg,1
25928,373-094.51_pic2.jpeg,2
13030,010-184.34_pic0.jpeg,1
15453,008-030.09_pic0.jpeg,1
14969,008-021.50_pic2.jpeg,1
25333,073-993.08_pic0.jpeg,0
15402,008-031.47_pic1.jpeg,1
15582,008-034.34_pic0.jpeg,0
16090,001-095.02_pic0.jpeg,1
13747,011-232.21_pic1.jpeg,1
24098,373-097.10_pic0.jpeg,0
3428,045-534.19_pic1.jpeg,0
22468,073-941.09_pic4.jpeg,0
5631,008-004.04_pic2.jpeg,0
19214,052-362.78_pic2.jpeg,1
24687,073-835.09_pic0.jpeg,2
13767,011-231.10_pic2.jpeg,1
2771,026-111.02_pic3.jpeg,0
14894,002-038.01_pic3.jpeg,1
1899,025-078.03_pic3.jpeg,0
6220,007-033.03_pic3.jpeg,0
16354,008-145.18_pic0.jpeg,0
18436,060-190.65_pic4.jpeg,0
22338,073-945.13_pic0.jpeg,0
25703,373-555.16_pic4.jpeg,2
12633,045-505.23_pic0.jpeg,1
17513,026-184.15_pic3.jpeg,2
16621,008-010.04_pic2.jpeg,1
12236,045-725.04_pic0.jpeg,1
16649,026-174.15_pic0.jpeg,1
14827,008-018.52_pic0.jpeg,0
22936,073-946.25_pic4.jpeg,0
24128,373-099.26_pic2.jpeg,0
16162,008-140.37_pic0.jpeg,0
25698,373-553.26_pic0.jpeg,0
13324,010-052.18_pic0.jpeg,1
20097,052-280.32_pic2.jpeg,0
16313,008-012.04_pic0.jpeg,0
12265,045-174.09_pic0.jpeg,1
20799,052-300.25_pic1.jpeg,0
17958,026-100.06_pic1.jpeg,0
24789,073-827.34_pic2.jpeg,2
1583,026-120.12_pic0.jpeg,0
14952,002-036.22_pic0.jpeg,2
13372,010-093.15_pic1.jpeg,1
12908,010-039.08_pic3.jpeg,1
4315,061-523.21_pic2.jpeg,0
19088,060-301.06_pic2.jpeg,0
24533,160-896.08_pic0.jpeg,2
13333,010-052.15_pic1.jpeg,2
1098,026-134.02_pic0.jpeg,0
7680,011-145.07_pic4.jpeg,0
15762,008-041.25_pic0.jpeg,1
16412,008-009.27_pic0.jpeg,1
13780,010-004.19_pic0.jpeg,1
13243,010-071.22_pic4.jpeg,1
1006,026-172.02_pic2.jpeg,0
25832,373-555.23_pic3.jpeg,2
8204,011-079.05_pic2.jpeg,0
14970,008-021.50_pic4.jpeg,1
20519,052-303.16_pic2.jpeg,0
2933,045-162.06_pic1.jpeg,0
15022,008-018.08_pic0.jpeg,1
19393,052-264.74_pic4.jpeg,1
24487,160-327.31_pic2.jpeg,0
8074,011-141.14_pic3.jpeg,0
12825,010-005.25_pic3.jpeg,0
14734,010-043.16_pic0.jpeg,0
10167,027-149.09_pic2.jpeg,0
620,026-189.06_pic0.jpeg,0
23548,073-936.01_pic2.jpeg,2
708,026-172.59_pic4.jpeg,0
18802,060-278.03_pic0.jpeg,0
18428,060-173.20_pic0.jpeg,0
17293,026-177.12_pic3.jpeg,0
7185,011-227.28_pic2.jpeg,0
1267,026-095.38_pic0.jpeg,0
6654,307-128.01_pic2.jpeg,0
17107,026-182.16_pic2.jpeg,0
11754,010-028.19_pic3.jpeg,0
16962,026-176.11_pic1.jpeg,2
11835,045-505.63_pic0.jpeg,1
13999,027-019.10_pic1.jpeg,1
12054,045-149.02_pic0.jpeg,0
3088,045-161.01_pic0.jpeg,0
3564,061-530.19_pic0.jpeg,0
17635,026-242.28_pic4.jpeg,1
21646,073-916.01_pic2.jpeg,1
13166,010-074.09_pic4.jpeg,1
19299,052-263.30_pic2.jpeg,0
25496,073-871.02_pic0.jpeg,0
25264,073-870.14_pic0.jpeg,0
10470,010-066.07_pic0.jpeg,0
15083,008-024.21_pic0.jpeg,1
13532,011-219.01_pic0.jpeg,0
20850,052-301.06_pic0.jpeg,0
13523,011-199.14_pic0.jpeg,1
12257,045-176.01_pic0.jpeg,1
24310,373-097.02_pic3.jpeg,0
17742,026-102.06_pic3.jpeg,2
16835,026-178.48_pic1.jpeg,1
14931,008-027.40_pic0.jpeg,2
14197,010-019.23_pic2.jpeg,1
24767,073-833.11_pic0.jpeg,0
11155,010-060.33_pic3.jpeg,0
12647,045-505.19_pic3.jpeg,1
23723,373-103.23_pic0.jpeg,0
20861,052-312.01_pic2.jpeg,1
7828,011-145.18_pic2.jpeg,0
23842,073-924.24_pic4.jpeg,0
17322,026-177.16_pic4.jpeg,2
14843,008-018.43_pic2.jpeg,0
18172,052-325.17_pic4.jpeg,0
16896,026-178.01_pic3.jpeg,1
3711,045-533.26_pic2.jpeg,0
18237,060-175.32_pic2.jpeg,0
15135,002-117.03_pic3.jpeg,1
14958,002-036.16_pic3.jpeg,1
19784,052-276.03_pic3.jpeg,0
25701,373-555.16_pic2.jpeg,2
15973,008-046.25_pic0.jpeg,1
7342,011-244.02_pic3.jpeg,0
17713,026-213.21_pic0.jpeg,0
14642,010-033.11_pic0.jpeg,1
14757,010-042.13_pic3.jpeg,1
19496,052-362.39_pic4.jpeg,0
12738,010-005.11_pic1.jpeg,1
16325,008-140.09_pic4.jpeg,0
20271,052-294.27_pic2.jpeg,0
20137,052-286.01_pic2.jpeg,1
23922,373-100.24_pic0.jpeg,0
6158,007-032.13_pic0.jpeg,0
11028,010-060.03_pic2.jpeg,0
17744,026-101.21_pic2.jpeg,2
20181,052-306.25_pic0.jpeg,2
24956,073-736.17_pic2.jpeg,0
9113,010-094.18_pic1.jpeg,0
10120,027-148.09_pic4.jpeg,0
24806,073-833.06_pic2.jpeg,1
16693,026-180.04_pic1.jpeg,1
18872,060-296.34_pic0.jpeg,1
25863,373-555.27_pic2.jpeg,0
7340,011-244.02_pic0.jpeg,0
14235,010-026.22_pic2.jpeg,0
25239,073-982.17_pic0.jpeg,2
18973,060-297.15_pic4.jpeg,2
13319,010-052.08_pic4.jpeg,1
11843,045-172.02_pic1.jpeg,0
13305,010-055.28_pic0.jpeg,1
16222,008-003.18_pic0.jpeg,0
6645,001-073.20_pic1.jpeg,0
25270,073-877.19_pic0.jpeg,0
7939,011-150.14_pic3.jpeg,0
15499,008-039.10_pic0.jpeg,1
14789,010-041.16_pic1.jpeg,1
14449,010-031.05_pic0.jpeg,1
17223,026-185.01_pic0.jpeg,2
4658,008-083.33_pic1.jpeg,0
14268,010-022.09_pic0.jpeg,0
20212,052-384.54_pic1.jpeg,0
24685,073-835.10_pic4.jpeg,0
13723,011-237.13_pic4.jpeg,1
10075,010-090.03_pic0.jpeg,0
14346,010-018.25_pic0.jpeg,1
14653,010-050.11_pic0.jpeg,1
11559,027-096.04_pic0.jpeg,0
14936,002-036.02_pic0.jpeg,2
752,026-172.32_pic2.jpeg,0
18479,060-175.24_pic0.jpeg,0
13318,010-052.08_pic0.jpeg,1
16319,008-009.13_pic3.jpeg,1
23466,073-932.11_pic4.jpeg,2
21386,073-917.05_pic4.jpeg,0
17453,026-183.33_pic0.jpeg,2
15566,008-039.21_pic0.jpeg,1
17611,026-242.21_pic0.jpeg,2
25841,373-554.51_pic4.jpeg,2
13317,010-052.16_pic1.jpeg,1
17512,026-184.15_pic2.jpeg,2
17743,026-101.21_pic0.jpeg,2
196,026-214.04_pic0.jpeg,0
16032,008-003.21_pic0.jpeg,2
17224,026-185.01_pic2.jpeg,2
25702,373-555.16_pic3.jpeg,2
20947,052-451.07_pic0.jpeg,2
18475,060-172.02_pic4.jpeg,1
24788,073-827.34_pic0.jpeg,2
14065,010-017.03_pic0.jpeg,0
22032,073-943.08_pic3.jpeg,0
20190,052-306.26_pic4.jpeg,0
12685,045-505.14_pic3.jpeg,1
17704,026-242.36_pic0.jpeg,1
12628,045-505.26_pic2.jpeg,0
22275,073-927.36_pic0.jpeg,0
21325,073-917.08_pic0.jpeg,0
24761,073-833.12_pic2.jpeg,0
5031,008-081.25_pic3.jpeg,0
17042,026-177.52_pic0.jpeg,0
11977,045-148.24_pic4.jpeg,1
20773,052-300.21_pic2.jpeg,0
12634,045-505.23_pic3.jpeg,1
14655,010-050.11_pic2.jpeg,1
12769,010-006.32_pic2.jpeg,1
25752,373-553.29_pic0.jpeg,0
12596,045-504.77_pic0.jpeg,0
24135,373-096.24_pic0.jpeg,0
15943,008-046.09_pic0.jpeg,1
17670,026-242.10_pic0.jpeg,0
12888,010-006.26_pic1.jpeg,1
14957,002-036.16_pic0.jpeg,1
17800,026-109.35_pic0.jpeg,2
11971,045-508.17_pic3.jpeg,0
15719,008-044.20_pic3.jpeg,0
12797,010-006.08_pic4.jpeg,0
6099,007-189.17_pic0.jpeg,0
13101,010-187.03_pic0.jpeg,0
17780,026-098.02_pic3.jpeg,2
12859,010-006.03_pic0.jpeg,0
13335,010-052.15_pic4.jpeg,2
15310,002-038.05_pic0.jpeg,2
17789,026-108.42_pic1.jpeg,2
14668,010-051.04_pic4.jpeg,1
25786,373-555.08_pic0.jpeg,2
17869,026-123.31_pic1.jpeg,2
22196,073-927.16_pic2.jpeg,0
15273,008-027.18_pic4.jpeg,1
7151,011-242.22_pic0.jpeg,0
285,026-208.25_pic2.jpeg,0
13132,010-187.02_pic2.jpeg,1
15882,008-055.05_pic1.jpeg,1
5997,007-041.16_pic2.jpeg,0
20145,052-282.13_pic0.jpeg,1
3179,045-547.10_pic4.jpeg,0
25456,073-982.02_pic3.jpeg,0
17784,026-105.04_pic0.jpeg,0
16599,008-009.03_pic0.jpeg,1
15226,002-038.22_pic3.jpeg,1
13172,010-074.05_pic3.jpeg,0
12034,045-150.27_pic0.jpeg,1
6875,011-229.01_pic1.jpeg,0
17769,026-108.02_pic4.jpeg,2
17803,026-101.06_pic3.jpeg,2
19547,052-263.12_pic2.jpeg,0
13721,011-237.13_pic0.jpeg,1
14926,002-036.11_pic0.jpeg,2
16432,008-013.19_pic3.jpeg,1
288,026-207.34_pic0.jpeg,0
16590,008-011.25_pic2.jpeg,0
16722,026-180.08_pic3.jpeg,0
3031,045-540.22_pic1.jpeg,0
16034,008-001.18_pic0.jpeg,1
25745,373-555.17_pic4.jpeg,2
13311,010-052.04_pic1.jpeg,1
15947,008-045.02_pic0.jpeg,1
16616,008-010.10_pic0.jpeg,1
15403,008-032.36_pic2.jpeg,1
19737,052-265.08_pic0.jpeg,0
13975,010-025.32_pic0.jpeg,0
7603,011-198.18_pic1.jpeg,0
8782,002-012.16_pic2.jpeg,0
10757,027-141.03_pic0.jpeg,0
17603,026-242.20_pic1.jpeg,2
18396,060-191.32_pic2.jpeg,0
17932,026-104.13_pic4.jpeg,1
1746,026-119.28_pic4.jpeg,0
432,026-206.04_pic3.jpeg,0
318,026-206.15_pic1.jpeg,0
15462,008-024.03_pic0.jpeg,2
21821,373-532.11_pic3.jpeg,0
18834,060-280.25_pic2.jpeg,0
2992,045-160.10_pic2.jpeg,0
14564,010-033.17_pic0.jpeg,1
25827,373-555.05_pic1.jpeg,1
15024,008-020.18_pic2.jpeg,1
4802,008-084.40_pic0.jpeg,0
3174,045-538.15_pic1.jpeg,0
18873,060-296.34_pic4.jpeg,1
15011,008-021.48_pic0.jpeg,1
16977,026-174.24_pic0.jpeg,2
15348,008-022.18_pic0.jpeg,0
19153,060-294.28_pic0.jpeg,0
17758,026-108.38_pic0.jpeg,2
720,026-172.29_pic1.jpeg,0
13726,011-237.01_pic1.jpeg,1
20813,052-313.01_pic2.jpeg,0
24019,373-608.24_pic0.jpeg,2
11140,010-070.02_pic0.jpeg,0
11925,045-506.58_pic4.jpeg,0
8790,010-114.03_pic1.jpeg,0
17925,026-103.02_pic1.jpeg,0
12171,045-147.21_pic2.jpeg,1
13191,010-071.14_pic0.jpeg,1
24885,073-827.52_pic1.jpeg,2
22797,373-530.22_pic3.jpeg,0
16228,008-007.03_pic3.jpeg,1
1396,026-095.08_pic2.jpeg,0
14087,010-017.25_pic4.jpeg,0
13633,011-194.04_pic3.jpeg,1
20138,052-286.01_pic4.jpeg,1
12347,045-730.12_pic2.jpeg,1
25846,373-555.03_pic0.jpeg,2
13680,011-194.15_pic0.jpeg,1
16020,008-001.02_pic1.jpeg,2
16743,026-180.07_pic1.jpeg,1
13332,010-052.15_pic0.jpeg,2
17232,026-184.23_pic4.jpeg,1
15138,002-040.06_pic0.jpeg,2
22946,073-939.21_pic4.jpeg,0
14846,008-018.44_pic2.jpeg,0
13605,011-193.33_pic0.jpeg,1
14232,010-026.16_pic0.jpeg,0
14385,010-025.05_pic0.jpeg,0
15655,008-035.20_pic0.jpeg,1
19593,052-362.42_pic1.jpeg,1
24396,073-922.08_pic1.jpeg,2
15095,008-024.01_pic4.jpeg,1
17521,026-185.10_pic0.jpeg,0
22514,073-947.12_pic2.jpeg,0
14437,010-030.03_pic0.jpeg,1
15386,008-035.32_pic0.jpeg,0
15303,002-038.04_pic4.jpeg,1
14724,010-043.02_pic1.jpeg,1
23957,373-608.19_pic2.jpeg,2
23465,073-932.11_pic3.jpeg,2
17845,026-125.16_pic2.jpeg,2
15241,008-027.10_pic3.jpeg,1
18219,060-173.31_pic2.jpeg,0
24020,373-608.24_pic4.jpeg,2
141,026-215.03_pic3.jpeg,0
16344,008-145.02_pic1.jpeg,1
16703,026-180.06_pic3.jpeg,1
14905,002-038.17_pic2.jpeg,1
8485,011-074.11_pic0.jpeg,0
19389,052-264.73_pic1.jpeg,1
12871,010-005.30_pic3.jpeg,0
15832,008-042.24_pic1.jpeg,1
25894,373-094.38_pic0.jpeg,0
3183,045-537.14_pic4.jpeg,0
1218,026-133.08_pic0.jpeg,0
21093,373-543.14_pic0.jpeg,0
18579,060-173.11_pic0.jpeg,0
3284,045-538.11_pic3.jpeg,0
19710,052-376.14_pic0.jpeg,0
3674,061-530.28_pic1.jpeg,0
12386,045-729.13_pic3.jpeg,1
16404,008-014.42_pic0.jpeg,1
6557,001-079.30_pic2.jpeg,0
14120,010-019.12_pic3.jpeg,0
13830,010-002.01_pic0.jpeg,1
12739,010-005.11_pic2.jpeg,1
24301,073-925.11_pic0.jpeg,0
16343,008-145.02_pic0.jpeg,1
4216,061-518.34_pic1.jpeg,0
4510,008-082.25_pic3.jpeg,0
9804,010-078.15_pic0.jpeg,0
17931,026-104.13_pic1.jpeg,1
24757,073-833.35_pic0.jpeg,0
15301,008-027.21_pic4.jpeg,1
12055,045-149.33_pic0.jpeg,1
16386,008-012.02_pic0.jpeg,1
12867,010-005.02_pic1.jpeg,0
15284,002-053.09_pic1.jpeg,1
15054,008-019.14_pic1.jpeg,2
20644,052-309.05_pic0.jpeg,0
16650,026-174.15_pic2.jpeg,1
4024,045-515.33_pic4.jpeg,0
15988,008-046.23_pic0.jpeg,1
16048,001-097.09_pic0.jpeg,2
15365,002-039.10_pic0.jpeg,1
15747,008-041.30_pic4.jpeg,0
19719,052-281.20_pic0.jpeg,0
12985,010-034.21_pic0.jpeg,1
17363,026-177.17_pic1.jpeg,2
5188,008-079.18_pic4.jpeg,0
10220,027-150.01_pic2.jpeg,0
7714,011-147.16_pic3.jpeg,0
19390,052-264.73_pic2.jpeg,1
14656,010-050.11_pic3.jpeg,1
4816,008-081.05_pic1.jpeg,0
25873,373-555.29_pic1.jpeg,2
17171,026-185.29_pic0.jpeg,1
17320,026-177.16_pic0.jpeg,2
24016,373-725.09_pic3.jpeg,2
12800,010-005.23_pic4.jpeg,2
21782,373-532.12_pic3.jpeg,0
5339,008-079.35_pic0.jpeg,0
10100,010-077.08_pic3.jpeg,0
7768,011-145.03_pic0.jpeg,0
23969,373-099.18_pic4.jpeg,0
25546,073-869.13_pic0.jpeg,1
14697,010-051.05_pic0.jpeg,1
25918,373-094.47_pic0.jpeg,2
12346,045-728.14_pic3.jpeg,1
24607,373-091.03_pic1.jpeg,0
13388,010-093.36_pic4.jpeg,1
12466,045-728.02_pic0.jpeg,0
9836,027-145.04_pic2.jpeg,0
14544,010-031.16_pic2.jpeg,0
14898,002-038.16_pic1.jpeg,0
16963,026-176.11_pic3.jpeg,2
2948,045-161.05_pic0.jpeg,0
13031,010-184.34_pic2.jpeg,1
16644,008-010.20_pic4.jpeg,2
25083,073-879.06_pic0.jpeg,2
6232,007-032.21_pic2.jpeg,0
9429,010-087.07_pic4.jpeg,0
13145,010-091.34_pic0.jpeg,1
25770,373-068.13_pic0.jpeg,1
14454,010-041.01_pic1.jpeg,1
13977,010-025.29_pic0.jpeg,1
21075,073-920.14_pic0.jpeg,0
14516,010-031.02_pic4.jpeg,1
19751,052-276.05_pic3.jpeg,1
17978,026-108.45_pic0.jpeg,0
14566,010-033.17_pic4.jpeg,1
12697,045-505.13_pic2.jpeg,1
16021,008-001.02_pic4.jpeg,2
13130,010-016.25_pic3.jpeg,1
13313,010-052.29_pic4.jpeg,1
14666,010-051.04_pic0.jpeg,1
12597,045-504.78_pic2.jpeg,1
24058,373-725.02_pic3.jpeg,2
24594,373-091.04_pic3.jpeg,2
20447,052-296.15_pic0.jpeg,0
19156,060-294.12_pic0.jpeg,0
20934,052-451.06_pic0.jpeg,2
16063,001-095.04_pic0.jpeg,1
11027,010-060.03_pic0.jpeg,0
13133,010-187.02_pic4.jpeg,1
21393,373-544.07_pic0.jpeg,0
12618,045-503.33_pic2.jpeg,1
25874,373-555.29_pic3.jpeg,2
12726,045-505.08_pic0.jpeg,1
24882,073-735.17_pic2.jpeg,1
12563,045-506.50_pic3.jpeg,0
13547,011-193.20_pic0.jpeg,1
17198,026-183.21_pic3.jpeg,0
8942,010-097.15_pic1.jpeg,0
12660,045-506.08_pic1.jpeg,0
3156,045-541.13_pic1.jpeg,0
15814,008-043.27_pic3.jpeg,2
17503,026-184.14_pic2.jpeg,0
9626,010-088.11_pic1.jpeg,0
8830,010-114.11_pic0.jpeg,0
23193,073-939.25_pic2.jpeg,2
17473,026-185.23_pic0.jpeg,2
20580,052-309.08_pic1.jpeg,0
13629,011-196.13_pic3.jpeg,1
15974,008-046.25_pic4.jpeg,1
7942,011-143.12_pic1.jpeg,0
20319,052-289.02_pic0.jpeg,0
20948,052-451.07_pic2.jpeg,2
3761,061-529.55_pic2.jpeg,0
11980,045-147.06_pic1.jpeg,0
11940,045-154.22_pic4.jpeg,1
17779,026-098.02_pic2.jpeg,2
2517,025-054.06_pic1.jpeg,0
20182,052-306.25_pic1.jpeg,2
4134,061-527.06_pic1.jpeg,0
20891,052-289.01_pic2.jpeg,0
8160,011-084.12_pic3.jpeg,0
21734,073-941.27_pic0.jpeg,0
14503,010-031.14_pic0.jpeg,1
16245,008-006.14_pic1.jpeg,1
14607,010-032.18_pic4.jpeg,0
16064,001-095.04_pic1.jpeg,1
7737,011-147.19_pic3.jpeg,0
21326,073-917.08_pic4.jpeg,0
15086,002-048.03_pic0.jpeg,2
16181,008-015.26_pic2.jpeg,1
21005,373-095.10_pic1.jpeg,0
15761,008-040.06_pic0.jpeg,1
13705,011-232.07_pic4.jpeg,1
17888,026-109.45_pic0.jpeg,2
18030,052-315.25_pic3.jpeg,0
25411,073-993.05_pic0.jpeg,0
19120,060-301.03_pic2.jpeg,0
13300,010-052.11_pic0.jpeg,1
24265,373-096.29_pic0.jpeg,0
12858,010-005.32_pic1.jpeg,0
468,026-206.26_pic3.jpeg,0
21331,073-916.09_pic0.jpeg,2
1644,026-120.10_pic3.jpeg,0
14991,008-021.38_pic4.jpeg,1
14403,010-042.01_pic2.jpeg,2
22317,373-545.15_pic3.jpeg,0
15883,008-055.05_pic4.jpeg,1
12964,010-034.05_pic2.jpeg,1
17601,026-241.48_pic0.jpeg,2
21121,373-535.09_pic3.jpeg,0
13402,010-093.35_pic4.jpeg,1
19447,052-362.12_pic2.jpeg,0
178,026-214.38_pic1.jpeg,0
24501,160-327.05_pic3.jpeg,2
14083,010-017.01_pic3.jpeg,1
19642,052-362.79_pic0.jpeg,0
15436,008-030.07_pic0.jpeg,1
14486,010-040.19_pic3.jpeg,1
21371,073-914.14_pic4.jpeg,0
17911,026-107.28_pic4.jpeg,2
11939,045-154.11_pic0.jpeg,0
9235,010-097.30_pic3.jpeg,0
17018,026-176.05_pic1.jpeg,2
16524,008-010.30_pic2.jpeg,1
14924,002-038.19_pic3.jpeg,2
12249,045-175.19_pic1.jpeg,0
17798,026-102.08_pic2.jpeg,2
15877,008-055.04_pic1.jpeg,2
19286,052-259.10_pic2.jpeg,0
10055,010-079.25_pic4.jpeg,0
17157,026-184.20_pic0.jpeg,0
13272,010-055.18_pic3.jpeg,1
9610,010-094.32_pic0.jpeg,0
14643,010-033.11_pic2.jpeg,1
24463,073-926.25_pic2.jpeg,0
18859,060-195.33_pic0.jpeg,0
16570,008-016.16_pic0.jpeg,1
15016,008-020.23_pic0.jpeg,1
17028,026-176.37_pic0.jpeg,0
15907,008-055.19_pic0.jpeg,1
10060,027-145.25_pic0.jpeg,0
13831,010-002.01_pic1.jpeg,1
24850,073-827.44_pic0.jpeg,2
16429,008-009.23_pic2.jpeg,1
17231,026-184.23_pic3.jpeg,1
3418,045-536.08_pic1.jpeg,0
13263,010-055.15_pic1.jpeg,1
17646,026-241.12_pic0.jpeg,0
15225,002-038.22_pic1.jpeg,1
18166,052-325.15_pic2.jpeg,0
8936,010-096.15_pic0.jpeg,0
15252,008-027.14_pic2.jpeg,1
13525,011-199.14_pic3.jpeg,1
17435,026-211.25_pic0.jpeg,2
259,026-215.28_pic0.jpeg,0
25494,073-869.30_pic0.jpeg,0
15964,008-046.14_pic0.jpeg,1
16309,008-009.14_pic4.jpeg,1
12987,010-034.21_pic4.jpeg,1
10295,010-076.10_pic4.jpeg,0
10577,027-144.10_pic2.jpeg,0
23640,073-932.26_pic0.jpeg,2
14613,010-033.10_pic4.jpeg,1
16708,026-177.60_pic0.jpeg,0
15751,008-040.02_pic3.jpeg,1
24780,073-827.33_pic2.jpeg,0
23977,373-725.01_pic0.jpeg,2
5477,008-077.13_pic2.jpeg,0
15082,008-024.23_pic2.jpeg,1
5287,008-078.12_pic3.jpeg,0
12991,010-184.13_pic0.jpeg,1
3013,045-160.11_pic4.jpeg,0
12603,061-502.42_pic0.jpeg,1
15975,008-046.26_pic0.jpeg,1
22998,073-936.13_pic2.jpeg,0
15209,002-052.07_pic0.jpeg,2
16976,026-174.31_pic0.jpeg,2
13715,011-237.09_pic2.jpeg,1
24165,373-098.27_pic0.jpeg,0
21212,073-918.17_pic0.jpeg,0
5016,008-081.27_pic4.jpeg,0
24568,160-895.01_pic1.jpeg,2
14911,008-021.19_pic0.jpeg,0
13129,010-016.25_pic1.jpeg,1
14598,010-032.20_pic0.jpeg,1
16047,001-097.10_pic4.jpeg,1
11032,010-046.02_pic2.jpeg,0
15031,008-019.18_pic1.jpeg,2
13974,010-017.05_pic0.jpeg,0
16016,008-041.02_pic3.jpeg,2
15851,008-042.44_pic4.jpeg,1
16410,008-009.26_pic0.jpeg,1
13450,010-091.04_pic2.jpeg,0
15519,008-042.27_pic2.jpeg,1
17444,026-211.29_pic0.jpeg,2
25661,373-554.18_pic3.jpeg,0
11542,010-057.14_pic3.jpeg,0
21547,073-916.16_pic2.jpeg,0
973,026-172.04_pic3.jpeg,0
19852,052-393.61_pic2.jpeg,2
11727,027-064.08_pic2.jpeg,0
1465,025-090.39_pic3.jpeg,0
16107,001-096.01_pic0.jpeg,0
24749,073-834.37_pic4.jpeg,1
14953,002-036.22_pic4.jpeg,2
12615,045-506.11_pic4.jpeg,0
3166,045-538.19_pic4.jpeg,0
17914,026-103.17_pic3.jpeg,1
24491,160-327.33_pic0.jpeg,0
16428,008-009.23_pic0.jpeg,1
3522,045-534.23_pic1.jpeg,0
16050,001-097.22_pic3.jpeg,1
24985,073-736.07_pic0.jpeg,0
24760,073-833.12_pic0.jpeg,0
17516,026-183.15_pic0.jpeg,0
16078,001-097.03_pic1.jpeg,1
17900,026-109.19_pic3.jpeg,0
13542,011-199.01_pic1.jpeg,1
14851,008-018.45_pic3.jpeg,0
10881,010-060.07_pic0.jpeg,0
11877,045-171.20_pic2.jpeg,1
16079,001-098.07_pic0.jpeg,1
18942,060-288.29_pic2.jpeg,0
19831,052-280.33_pic2.jpeg,0
985,026-172.03_pic1.jpeg,0
15247,008-027.15_pic4.jpeg,1
182,026-215.31_pic0.jpeg,0
15491,008-039.13_pic0.jpeg,0
15953,008-046.02_pic4.jpeg,2
23662,373-103.08_pic4.jpeg,0
6529,001-081.01_pic1.jpeg,0
14538,010-032.03_pic1.jpeg,0
21688,373-545.30_pic2.jpeg,0
12907,010-039.08_pic0.jpeg,1
12905,010-039.26_pic2.jpeg,2
12604,061-502.42_pic2.jpeg,1
20402,052-309.01_pic2.jpeg,2
24777,073-831.03_pic2.jpeg,0
17446,026-210.01_pic0.jpeg,1
17797,026-102.08_pic0.jpeg,2
15647,008-035.13_pic0.jpeg,1
12635,045-506.40_pic0.jpeg,1
15667,008-035.47_pic0.jpeg,1
12543,061-502.59_pic0.jpeg,0
21085,373-543.15_pic1.jpeg,0
12607,045-503.66_pic0.jpeg,0
15740,008-041.42_pic1.jpeg,1
20677,052-303.22_pic1.jpeg,1
15294,008-022.22_pic1.jpeg,1
1762,026-120.42_pic1.jpeg,0
4111,061-527.07_pic1.jpeg,0
15530,008-039.33_pic4.jpeg,1
673,026-172.64_pic1.jpeg,0
16834,026-178.48_pic0.jpeg,1
3082,045-540.26_pic0.jpeg,0
248,026-214.45_pic2.jpeg,0
17939,026-100.04_pic3.jpeg,0
5344,008-078.23_pic1.jpeg,0
13307,010-055.28_pic4.jpeg,1
12620,045-505.21_pic2.jpeg,0
17967,026-100.03_pic3.jpeg,1
7820,011-145.01_pic3.jpeg,0
14949,002-036.21_pic3.jpeg,2
13526,011-199.16_pic1.jpeg,1
14867,002-036.06_pic0.jpeg,1
17634,026-242.28_pic0.jpeg,1
25878,373-555.30_pic3.jpeg,2
25830,373-555.23_pic1.jpeg,2
15074,008-025.04_pic0.jpeg,1
12786,010-007.15_pic0.jpeg,0
857,026-171.14_pic1.jpeg,0
17613,026-242.17_pic0.jpeg,1
16437,008-140.39_pic3.jpeg,0
25289,073-873.06_pic0.jpeg,0
8591,011-036.16_pic0.jpeg,0
15774,008-043.14_pic0.jpeg,0
14861,002-036.07_pic4.jpeg,1
3350,045-537.20_pic1.jpeg,0
565,026-187.08_pic3.jpeg,0
17945,026-109.24_pic0.jpeg,2
18506,060-174.15_pic4.jpeg,0
14611,010-033.10_pic0.jpeg,1
5082,008-079.03_pic3.jpeg,0
9639,027-146.18_pic1.jpeg,0
19730,052-274.19_pic0.jpeg,0
3931,045-516.14_pic3.jpeg,0
17429,026-212.22_pic1.jpeg,2
3244,045-157.08_pic4.jpeg,0
15991,008-044.07_pic0.jpeg,2
14932,008-021.23_pic2.jpeg,2
8980,010-100.17_pic1.jpeg,0
16018,008-003.01_pic0.jpeg,2
12179,045-177.06_pic1.jpeg,0
16268,008-002.13_pic0.jpeg,1
10880,027-141.24_pic4.jpeg,0
22246,373-532.40_pic1.jpeg,0
9945,010-090.27_pic0.jpeg,0
14968,008-020.06_pic4.jpeg,1
25290,073-873.06_pic2.jpeg,0
14906,008-027.43_pic0.jpeg,0
14712,010-043.11_pic0.jpeg,1
13014,010-184.33_pic1.jpeg,1
12849,010-006.23_pic4.jpeg,0
24593,373-091.04_pic2.jpeg,2
13630,011-195.08_pic1.jpeg,2
15302,002-038.04_pic0.jpeg,1
15498,008-042.38_pic0.jpeg,1
16095,001-096.05_pic2.jpeg,1
13524,011-199.14_pic2.jpeg,1
17599,026-241.26_pic0.jpeg,0
427,026-208.19_pic2.jpeg,0
25103,073-875.12_pic0.jpeg,2
14993,008-021.39_pic3.jpeg,1
15698,008-044.23_pic0.jpeg,0
9184,027-169.10_pic3.jpeg,0
15852,008-042.01_pic0.jpeg,1
14869,002-036.06_pic4.jpeg,1
15040,008-018.17_pic2.jpeg,1
16369,008-012.10_pic2.jpeg,1
13622,011-194.06_pic3.jpeg,1
10997,010-059.12_pic1.jpeg,0
14030,027-019.16_pic1.jpeg,1
10432,027-142.30_pic0.jpeg,0
21645,073-916.01_pic1.jpeg,1
4383,008-082.07_pic4.jpeg,0
461,026-208.21_pic0.jpeg,0
14988,008-021.36_pic2.jpeg,1
14000,010-001.08_pic0.jpeg,1
17052,026-179.23_pic0.jpeg,1
13642,011-194.02_pic3.jpeg,1
17169,026-182.18_pic2.jpeg,0
25399,073-982.23_pic3.jpeg,2
14948,002-036.21_pic0.jpeg,2
14158,010-018.27_pic0.jpeg,0
17604,026-242.20_pic2.jpeg,2
12176,045-177.04_pic1.jpeg,0
25800,373-555.07_pic1.jpeg,1
14659,010-050.14_pic0.jpeg,1
21928,373-532.33_pic0.jpeg,0
11251,027-101.07_pic4.jpeg,0
22277,073-943.02_pic0.jpeg,0
11220,010-069.01_pic1.jpeg,0
15648,008-035.13_pic2.jpeg,1
12704,045-506.46_pic3.jpeg,0
15479,008-024.13_pic0.jpeg,2
16895,026-178.01_pic0.jpeg,1
22039,073-927.08_pic1.jpeg,0
15686,008-044.32_pic1.jpeg,0
16940,026-177.09_pic0.jpeg,2
2301,026-112.15_pic0.jpeg,0
4182,045-515.47_pic0.jpeg,0
14539,010-032.03_pic3.jpeg,0
14626,010-023.08_pic4.jpeg,1
6421,001-079.23_pic4.jpeg,0
16088,001-098.06_pic2.jpeg,1
15853,008-042.01_pic3.jpeg,1
13983,010-022.03_pic3.jpeg,0
14446,010-030.28_pic0.jpeg,0
13207,010-071.17_pic2.jpeg,1
1350,026-096.11_pic3.jpeg,0
19453,052-277.03_pic2.jpeg,0
12648,045-506.55_pic2.jpeg,1
24612,073-690.56_pic1.jpeg,2
17442,026-211.32_pic0.jpeg,2
12174,045-177.05_pic2.jpeg,0
15366,002-039.10_pic1.jpeg,1
7615,011-198.19_pic3.jpeg,0
24918,073-735.08_pic4.jpeg,0
17230,026-184.28_pic3.jpeg,0
15319,002-039.01_pic4.jpeg,1
10674,027-141.05_pic0.jpeg,0
15990,008-044.11_pic0.jpeg,2
15157,002-040.10_pic2.jpeg,1
13073,010-187.01_pic0.jpeg,0
12340,045-728.16_pic2.jpeg,1
20002,052-290.01_pic0.jpeg,0
21676,073-912.49_pic0.jpeg,0
12961,010-034.10_pic4.jpeg,0
25853,373-555.02_pic3.jpeg,2
1987,026-111.52_pic0.jpeg,0
12172,045-147.21_pic3.jpeg,1
13746,011-232.21_pic0.jpeg,1
12708,045-506.47_pic2.jpeg,1
13684,011-194.22_pic0.jpeg,1
10165,027-149.09_pic0.jpeg,0
15015,008-018.04_pic1.jpeg,2
19499,052-260.10_pic2.jpeg,0
21686,073-912.48_pic2.jpeg,0
2092,026-112.34_pic0.jpeg,0
21484,373-531.51_pic2.jpeg,0
2644,026-110.05_pic1.jpeg,0
9005,010-096.09_pic3.jpeg,0
689,026-171.71_pic3.jpeg,0
6424,307-153.03_pic1.jpeg,0
14895,002-038.01_pic4.jpeg,1
20935,052-451.06_pic2.jpeg,2
16067,001-095.08_pic0.jpeg,1
15676,008-035.38_pic3.jpeg,0
14455,010-041.01_pic3.jpeg,1
15438,008-031.22_pic2.jpeg,0
16733,026-177.43_pic2.jpeg,0
13728,011-237.10_pic2.jpeg,1
14453,010-041.01_pic0.jpeg,1
25342,073-872.16_pic2.jpeg,0
5440,008-078.36_pic2.jpeg,0
15722,008-041.20_pic0.jpeg,0
13264,010-055.15_pic3.jpeg,1
4562,008-084.15_pic2.jpeg,0
15210,002-052.07_pic3.jpeg,2
20900,052-303.11_pic3.jpeg,1
13445,010-091.23_pic4.jpeg,2
16730,026-175.13_pic1.jpeg,0
15987,008-046.22_pic0.jpeg,0
7793,011-150.05_pic0.jpeg,0
14763,010-020.05_pic0.jpeg,0
15748,008-041.31_pic0.jpeg,0
8122,011-084.03_pic2.jpeg,0
20359,052-296.11_pic1.jpeg,2
10154,027-148.04_pic0.jpeg,0
16640,008-011.15_pic1.jpeg,1
16030,008-003.19_pic0.jpeg,2
17447,026-210.01_pic2.jpeg,1
21259,073-918.19_pic1.jpeg,0
5412,008-078.43_pic0.jpeg,0
15144,002-051.01_pic0.jpeg,2
24632,073-690.05_pic1.jpeg,0
4844,008-081.10_pic1.jpeg,0
14860,002-036.07_pic0.jpeg,1
15253,008-027.14_pic4.jpeg,1
10186,027-148.05_pic1.jpeg,0
14714,010-043.04_pic0.jpeg,0
17321,026-177.16_pic2.jpeg,2
13386,010-093.36_pic0.jpeg,1
16949,026-174.30_pic0.jpeg,1
1537,026-120.16_pic2.jpeg,0
17443,026-211.32_pic2.jpeg,2
4271,061-532.08_pic1.jpeg,0
14515,010-031.02_pic0.jpeg,1
18651,060-193.01_pic3.jpeg,0
19612,052-362.43_pic1.jpeg,0
842,026-171.58_pic4.jpeg,0
24881,073-735.17_pic0.jpeg,1
454,026-207.05_pic3.jpeg,0
19841,052-393.54_pic0.jpeg,0
10006,010-078.21_pic4.jpeg,0
681,026-173.56_pic3.jpeg,0
1752,026-120.04_pic0.jpeg,0
16123,008-012.20_pic4.jpeg,0
6548,001-080.02_pic2.jpeg,0
18060,052-324.08_pic0.jpeg,0
13150,010-091.33_pic4.jpeg,1
15464,008-031.25_pic0.jpeg,1
16560,008-140.05_pic0.jpeg,0
21819,373-532.30_pic1.jpeg,0
14443,010-041.11_pic1.jpeg,0
21483,373-531.51_pic0.jpeg,0
15805,008-042.09_pic4.jpeg,0
13863,010-004.12_pic3.jpeg,1
17607,026-242.24_pic0.jpeg,2
25814,373-555.06_pic1.jpeg,1
16517,008-139.28_pic0.jpeg,1
22566,073-945.20_pic1.jpeg,0
15557,008-034.05_pic2.jpeg,1
3747,061-528.39_pic3.jpeg,0
14210,010-023.19_pic3.jpeg,1
17904,026-108.50_pic0.jpeg,2
24984,073-876.08_pic2.jpeg,1
13364,010-091.31_pic4.jpeg,1
13255,010-055.12_pic4.jpeg,1
25412,073-993.05_pic3.jpeg,0
8209,002-030.07_pic3.jpeg,0
12345,045-728.14_pic0.jpeg,1
15942,008-046.10_pic4.jpeg,1
11858,045-508.26_pic4.jpeg,0
616,026-189.07_pic3.jpeg,0
17139,026-183.19_pic1.jpeg,1
19875,052-273.09_pic0.jpeg,0
16448,008-017.41_pic1.jpeg,1
15919,008-055.31_pic0.jpeg,0
15954,008-046.12_pic0.jpeg,1
19155,060-293.12_pic2.jpeg,0
13168,010-074.08_pic4.jpeg,0
3446,045-538.23_pic0.jpeg,0
17037,026-178.13_pic0.jpeg,0
10488,010-066.17_pic3.jpeg,0
1013,026-171.49_pic4.jpeg,0
12326,045-731.02_pic1.jpeg,1
21241,073-921.05_pic2.jpeg,0
12002,045-148.05_pic3.jpeg,0
984,026-172.03_pic0.jpeg,0
8714,002-020.33_pic2.jpeg,0
14209,010-023.19_pic0.jpeg,1
18444,060-172.03_pic3.jpeg,2
15591,008-034.01_pic4.jpeg,0
15025,008-020.18_pic4.jpeg,1
3952,045-511.06_pic0.jpeg,0
7917,011-149.15_pic0.jpeg,0
6351,007-283.06_pic3.jpeg,0
24535,160-896.08_pic3.jpeg,2
12389,045-730.09_pic0.jpeg,0
24499,160-327.05_pic0.jpeg,2
17459,026-183.12_pic4.jpeg,1
16389,008-009.22_pic0.jpeg,1
15602,008-032.11_pic0.jpeg,1
24745,073-834.36_pic4.jpeg,1
12499,045-730.02_pic2.jpeg,0
5089,008-081.20_pic3.jpeg,0
13768,011-231.10_pic4.jpeg,1
15518,008-042.27_pic0.jpeg,1
8197,011-075.12_pic2.jpeg,0
15595,008-031.33_pic4.jpeg,0
25545,073-869.14_pic0.jpeg,0
19853,052-393.61_pic3.jpeg,2
9502,010-087.11_pic0.jpeg,0
13706,011-232.13_pic0.jpeg,1
12359,045-729.15_pic0.jpeg,1
12650,045-503.38_pic0.jpeg,1
5060,008-085.34_pic2.jpeg,0
19383,052-264.76_pic1.jpeg,0
25851,373-555.02_pic0.jpeg,2
25710,373-555.15_pic3.jpeg,2
17905,026-108.50_pic4.jpeg,2
379,026-206.11_pic3.jpeg,0
24390,073-926.13_pic0.jpeg,0
25919,373-094.47_pic4.jpeg,2
1515,026-120.28_pic2.jpeg,0
14031,027-019.16_pic2.jpeg,1
11780,027-061.12_pic4.jpeg,0
2929,045-163.17_pic1.jpeg,0
12737,010-005.11_pic0.jpeg,1
16701,026-180.06_pic0.jpeg,1
14647,010-050.02_pic4.jpeg,1
9831,010-088.20_pic3.jpeg,0
16368,008-012.10_pic0.jpeg,1
25393,073-870.35_pic4.jpeg,0
3021,045-161.19_pic0.jpeg,0
15372,008-021.12_pic0.jpeg,0
14796,010-030.13_pic0.jpeg,0
25875,373-555.29_pic4.jpeg,2
25876,373-555.30_pic0.jpeg,2
23983,373-097.17_pic0.jpeg,0
15010,008-020.01_pic0.jpeg,2
3221,045-539.12_pic1.jpeg,0
1089,026-135.12_pic1.jpeg,0
25415,073-877.14_pic4.jpeg,0
12384,045-729.13_pic1.jpeg,1
15206,002-039.07_pic1.jpeg,1
15290,008-026.18_pic1.jpeg,1
13727,011-237.01_pic4.jpeg,1
8867,010-100.04_pic3.jpeg,0
17891,026-109.22_pic0.jpeg,0
21735,073-941.27_pic1.jpeg,0
5333,008-079.38_pic0.jpeg,0
14421,010-041.09_pic0.jpeg,1
6871,011-242.10_pic1.jpeg,0
13640,011-194.02_pic0.jpeg,1
14074,010-002.10_pic3.jpeg,1
12471,045-730.21_pic2.jpeg,0
17940,026-108.23_pic0.jpeg,2
14810,010-030.08_pic1.jpeg,2
4994,008-080.18_pic0.jpeg,0
21245,073-920.04_pic2.jpeg,0
10991,010-060.04_pic4.jpeg,0
14929,008-020.03_pic0.jpeg,2
14347,010-018.25_pic1.jpeg,1
19135,060-298.34_pic0.jpeg,0
12175,045-177.04_pic0.jpeg,0
16820,026-180.11_pic3.jpeg,0
16586,008-011.24_pic0.jpeg,1
15327,002-037.22_pic0.jpeg,1
24534,160-896.08_pic2.jpeg,2
13146,010-091.34_pic2.jpeg,1
11104,010-060.30_pic4.jpeg,0
13751,011-230.08_pic3.jpeg,1
25781,373-068.12_pic0.jpeg,0
25744,373-555.17_pic3.jpeg,2
14435,010-031.23_pic1.jpeg,1
17464,026-183.09_pic0.jpeg,0
23155,073-948.25_pic2.jpeg,0
13329,010-052.19_pic0.jpeg,1
14084,010-003.11_pic0.jpeg,0
16394,008-009.33_pic0.jpeg,0
11793,027-058.03_pic4.jpeg,0
23098,073-939.24_pic1.jpeg,0
14324,010-025.07_pic3.jpeg,1
14944,008-027.33_pic0.jpeg,1
14925,002-038.19_pic4.jpeg,2
7929,011-144.12_pic0.jpeg,0
14868,002-036.06_pic3.jpeg,1
13627,011-196.13_pic0.jpeg,1
13308,010-055.02_pic0.jpeg,1
13193,010-071.14_pic4.jpeg,1
12256,045-723.09_pic0.jpeg,0
24943,073-736.19_pic0.jpeg,0
9232,010-097.30_pic0.jpeg,0
9352,010-094.08_pic1.jpeg,0
25934,373-092.03_pic3.jpeg,1
5695,001-102.09_pic3.jpeg,0
3315,061-550.01_pic4.jpeg,0
12385,045-729.13_pic2.jpeg,1
15558,008-034.05_pic4.jpeg,1
12696,045-505.13_pic0.jpeg,1
16779,026-177.63_pic4.jpeg,0
21673,073-912.13_pic0.jpeg,0
7484,011-243.01_pic3.jpeg,0
21117,373-543.12_pic0.jpeg,0
16318,008-009.13_pic1.jpeg,1
15293,008-022.22_pic0.jpeg,1
12205,045-176.05_pic3.jpeg,0
9665,010-088.10_pic4.jpeg,0
13298,010-052.10_pic0.jpeg,1
18121,052-326.10_pic1.jpeg,1
7054,011-240.03_pic3.jpeg,0
2213,026-113.23_pic3.jpeg,0
11348,010-057.07_pic3.jpeg,0
16957,026-176.12_pic1.jpeg,2
14923,008-021.25_pic2.jpeg,1
16756,026-178.05_pic4.jpeg,0
17766,026-107.01_pic0.jpeg,2
4067,045-516.15_pic1.jpeg,0
15773,008-042.03_pic2.jpeg,1
19355,052-263.39_pic2.jpeg,1
12170,045-147.21_pic0.jpeg,1
18995,060-296.16_pic4.jpeg,0
11968,045-173.17_pic2.jpeg,1
13163,010-074.21_pic0.jpeg,1
11816,027-059.06_pic1.jpeg,0
16620,008-010.04_pic1.jpeg,1
13822,010-002.03_pic2.jpeg,0
13409,010-093.32_pic4.jpeg,1
24424,073-926.05_pic2.jpeg,0
17138,026-183.19_pic0.jpeg,1
20962,073-920.40_pic2.jpeg,0
19331,052-264.25_pic2.jpeg,0
20915,052-451.02_pic2.jpeg,0
15887,008-055.29_pic1.jpeg,1
3343,061-551.04_pic1.jpeg,0
14771,010-040.06_pic4.jpeg,0
15415,008-032.28_pic1.jpeg,1
13147,010-091.34_pic4.jpeg,1
13753,011-231.15_pic3.jpeg,1
17890,026-109.45_pic4.jpeg,2
1619,026-119.36_pic1.jpeg,0
4311,061-532.19_pic2.jpeg,0
6091,007-189.19_pic4.jpeg,0
1573,026-120.13_pic0.jpeg,0
25933,373-092.03_pic2.jpeg,1
12616,045-503.33_pic0.jpeg,1
15668,008-035.47_pic4.jpeg,1
13192,010-071.14_pic3.jpeg,1
19044,060-296.27_pic0.jpeg,1
25240,073-982.17_pic4.jpeg,2
5418,008-078.41_pic0.jpeg,0
18604,060-193.03_pic0.jpeg,0
12527,061-502.53_pic1.jpeg,1
6590,001-079.35_pic1.jpeg,0
25279,073-982.19_pic3.jpeg,0
3675,061-530.28_pic2.jpeg,0
15955,008-045.17_pic0.jpeg,1
12636,045-506.40_pic2.jpeg,1
20412,052-294.02_pic3.jpeg,2
25764,373-551.50_pic0.jpeg,1
24672,073-835.14_pic4.jpeg,0
4282,061-532.16_pic3.jpeg,0
16991,026-176.07_pic1.jpeg,2
15019,008-020.26_pic3.jpeg,1
15228,008-021.03_pic3.jpeg,1
17941,026-108.23_pic2.jpeg,2
5264,008-079.50_pic2.jpeg,0
13222,010-071.20_pic0.jpeg,0
15510,008-039.37_pic4.jpeg,1
21947,073-927.03_pic1.jpeg,0
13341,010-039.24_pic3.jpeg,1
22223,073-944.06_pic3.jpeg,0
15251,008-027.14_pic0.jpeg,1
1450,026-095.39_pic1.jpeg,0
16017,008-044.17_pic0.jpeg,2
19045,060-296.27_pic2.jpeg,1
21001,373-095.09_pic0.jpeg,0
13164,010-074.21_pic2.jpeg,1
15540,008-039.23_pic3.jpeg,0
3510,045-538.26_pic0.jpeg,0
14753,010-043.21_pic0.jpeg,0
17691,026-242.52_pic1.jpeg,2
14568,010-032.02_pic2.jpeg,0
11270,010-059.02_pic2.jpeg,0
13599,011-193.11_pic0.jpeg,1
15133,008-024.29_pic0.jpeg,1
12799,010-005.23_pic3.jpeg,2
16000,008-044.18_pic0.jpeg,1
12798,010-005.23_pic1.jpeg,2
4722,008-084.52_pic4.jpeg,0
17881,026-125.01_pic2.jpeg,2
25215,073-875.23_pic0.jpeg,2
20251,052-384.26_pic0.jpeg,0
17609,026-242.22_pic0.jpeg,0
12962,010-034.05_pic0.jpeg,1
15529,008-039.33_pic0.jpeg,1
11372,010-047.15_pic0.jpeg,0
12903,010-039.26_pic0.jpeg,2
17043,026-176.28_pic0.jpeg,0
21760,073-912.42_pic2.jpeg,0
12698,045-505.13_pic3.jpeg,1
15567,008-039.21_pic2.jpeg,1
422,026-208.05_pic1.jpeg,0
14660,010-050.14_pic2.jpeg,1
13621,011-194.06_pic0.jpeg,1
14654,010-050.11_pic1.jpeg,1
17187,026-183.27_pic2.jpeg,1
17778,026-098.02_pic0.jpeg,2
14995,008-021.40_pic0.jpeg,1
625,026-189.15_pic4.jpeg,0
2869,045-727.05_pic1.jpeg,0
13139,010-074.16_pic2.jpeg,1
13186,010-074.23_pic4.jpeg,0
527,026-206.01_pic0.jpeg,0
13242,010-071.22_pic0.jpeg,1
15261,008-027.12_pic0.jpeg,0
9642,010-094.02_pic0.jpeg,0
25483,073-877.10_pic2.jpeg,0
15760,008-043.02_pic0.jpeg,1
24614,073-690.56_pic3.jpeg,2
21374,073-913.15_pic0.jpeg,0
10252,010-064.17_pic3.jpeg,0
13431,010-091.14_pic3.jpeg,1
2572,025-057.01_pic0.jpeg,0
16296,008-001.03_pic4.jpeg,1
16972,026-177.07_pic4.jpeg,2
3161,045-540.29_pic4.jpeg,0
2267,026-110.30_pic0.jpeg,0
22841,073-946.22_pic2.jpeg,0
6546,001-080.02_pic0.jpeg,0
3413,045-539.40_pic1.jpeg,0
21023,373-095.17_pic0.jpeg,0
9363,010-094.15_pic3.jpeg,0
16718,026-174.43_pic2.jpeg,0
19815,052-276.01_pic1.jpeg,0
24830,073-827.40_pic4.jpeg,1
14321,010-026.12_pic3.jpeg,2
20425,052-307.23_pic2.jpeg,0
16852,026-180.10_pic0.jpeg,0
16832,026-178.03_pic1.jpeg,1
15437,008-030.07_pic4.jpeg,1
17188,026-183.27_pic4.jpeg,1
868,026-172.40_pic0.jpeg,0
13560,011-193.34_pic4.jpeg,1
4925,008-085.54_pic2.jpeg,0
16567,008-009.04_pic0.jpeg,0
19417,052-264.63_pic1.jpeg,1
25788,373-555.08_pic3.jpeg,2
23194,073-939.25_pic3.jpeg,2
10891,027-143.16_pic1.jpeg,0
14623,010-023.08_pic0.jpeg,1
24748,073-834.37_pic0.jpeg,1
12707,045-506.47_pic0.jpeg,1
15272,008-027.18_pic0.jpeg,1
15613,008-024.40_pic4.jpeg,1
19600,052-262.23_pic0.jpeg,0
12750,010-006.15_pic0.jpeg,1
16307,008-009.14_pic0.jpeg,1
18092,052-324.01_pic2.jpeg,1
10788,010-061.02_pic0.jpeg,0
13310,010-052.04_pic0.jpeg,1
3520,045-538.04_pic4.jpeg,0
25281,073-873.08_pic4.jpeg,0
14391,010-030.05_pic2.jpeg,1
9199,010-085.09_pic2.jpeg,0
18443,060-172.03_pic1.jpeg,2
2376,025-057.18_pic2.jpeg,0
4582,008-083.39_pic3.jpeg,0
19647,052-281.16_pic0.jpeg,0
13374,010-093.15_pic4.jpeg,1
23565,073-934.25_pic0.jpeg,0
8099,011-081.05_pic2.jpeg,0
16031,008-003.20_pic0.jpeg,0
261,026-215.28_pic2.jpeg,0
4869,008-084.32_pic3.jpeg,0
25829,373-555.23_pic0.jpeg,2
24508,160-897.05_pic0.jpeg,2
11208,010-069.24_pic3.jpeg,0
24895,073-735.15_pic3.jpeg,0
15972,008-045.23_pic3.jpeg,1
25398,073-982.23_pic0.jpeg,2
12744,010-005.12_pic3.jpeg,0
15952,008-046.02_pic2.jpeg,2
5907,007-077.11_pic0.jpeg,0
24839,073-736.26_pic0.jpeg,0
12866,010-005.02_pic0.jpeg,0
13344,010-039.11_pic2.jpeg,1
24615,073-690.56_pic4.jpeg,2
12605,045-503.01_pic0.jpeg,1
21668,373-532.26_pic1.jpeg,0
17460,026-209.31_pic0.jpeg,0
19219,052-259.16_pic4.jpeg,0
3655,061-528.25_pic2.jpeg,0
20980,073-920.17_pic2.jpeg,0
8748,011-226.08_pic1.jpeg,0
6413,001-081.43_pic4.jpeg,0
12005,045-148.28_pic0.jpeg,1
23819,373-612.22_pic0.jpeg,0
14505,010-031.14_pic4.jpeg,1
12963,010-034.05_pic1.jpeg,1
18303,060-175.38_pic4.jpeg,0
14945,002-036.20_pic0.jpeg,2
12334,045-731.04_pic2.jpeg,1
17298,026-176.16_pic2.jpeg,1
19566,052-262.10_pic0.jpeg,0
19759,052-276.04_pic3.jpeg,1
15081,008-025.03_pic3.jpeg,1
25634,373-554.14_pic0.jpeg,0
686,026-172.63_pic3.jpeg,0
25073,073-876.36_pic3.jpeg,0
4878,008-084.31_pic2.jpeg,0
15425,008-030.06_pic4.jpeg,1
15318,002-039.01_pic1.jpeg,1
24569,160-895.01_pic2.jpeg,2
8946,010-100.26_pic3.jpeg,0
13541,011-199.01_pic0.jpeg,1
14162,010-023.03_pic1.jpeg,0
12581,061-502.36_pic3.jpeg,0
2888,045-163.13_pic0.jpeg,0
1532,025-110.17_pic2.jpeg,0
22479,373-530.04_pic1.jpeg,0
14494,010-030.01_pic3.jpeg,1
15509,008-039.37_pic0.jpeg,1
12264,045-725.25_pic0.jpeg,1
19735,052-274.20_pic4.jpeg,0
10657,027-140.17_pic0.jpeg,0
17261,026-177.15_pic4.jpeg,0
10947,010-067.18_pic4.jpeg,0
19595,052-362.42_pic4.jpeg,1
25859,373-555.26_pic0.jpeg,0
15656,008-035.20_pic2.jpeg,1
16091,001-095.02_pic2.jpeg,1
17172,026-185.29_pic2.jpeg,1
19388,052-264.73_pic0.jpeg,1
20136,052-286.01_pic0.jpeg,1
9254,027-179.20_pic0.jpeg,0
17362,026-177.17_pic0.jpeg,2
15421,008-032.24_pic0.jpeg,2
15956,008-045.17_pic4.jpeg,1
14422,010-041.09_pic2.jpeg,1
25622,373-551.11_pic0.jpeg,0
14698,010-051.05_pic2.jpeg,1
6294,001-079.09_pic3.jpeg,0
25765,373-551.50_pic2.jpeg,1
12234,045-724.06_pic2.jpeg,1
12274,045-723.34_pic4.jpeg,1
15854,008-039.03_pic0.jpeg,0
18732,060-191.07_pic0.jpeg,0
17630,026-242.16_pic0.jpeg,2
2920,045-162.07_pic2.jpeg,0
15400,008-031.02_pic4.jpeg,1
13312,010-052.29_pic1.jpeg,1
10028,010-089.20_pic0.jpeg,0
12649,045-506.55_pic3.jpeg,1
20912,052-451.01_pic0.jpeg,0
15795,008-040.08_pic0.jpeg,1
5087,008-081.20_pic1.jpeg,0
23122,073-939.28_pic2.jpeg,2
8605,002-014.14_pic1.jpeg,0
25711,373-555.15_pic4.jpeg,2
22886,073-939.05_pic2.jpeg,0
13016,010-184.10_pic0.jpeg,1
21333,073-916.09_pic2.jpeg,2
15069,002-049.01_pic1.jpeg,2
6742,001-073.01_pic4.jpeg,0
19351,052-264.01_pic0.jpeg,1
13400,010-093.35_pic0.jpeg,1
11497,010-056.09_pic0.jpeg,0
17882,026-125.01_pic4.jpeg,2
24575,160-892.08_pic2.jpeg,2
8154,011-074.12_pic3.jpeg,0
15126,008-027.04_pic3.jpeg,1
6295,001-081.24_pic1.jpeg,0
17490,026-185.17_pic0.jpeg,2
13247,010-071.21_pic2.jpeg,1
12725,061-502.28_pic2.jpeg,0
17790,026-108.42_pic2.jpeg,2
1792,025-215.20_pic3.jpeg,0
12766,010-006.17_pic3.jpeg,0
2916,045-163.16_pic0.jpeg,0
17794,026-101.27_pic0.jpeg,0
14624,010-023.08_pic1.jpeg,1
12767,010-006.32_pic0.jpeg,1
25596,373-553.32_pic1.jpeg,0
13641,011-194.02_pic2.jpeg,1
16467,008-017.33_pic1.jpeg,2
24929,073-735.02_pic2.jpeg,0
23464,073-932.11_pic2.jpeg,2
25886,373-094.33_pic2.jpeg,1
14485,010-040.19_pic1.jpeg,1
13251,010-055.06_pic0.jpeg,1
14393,010-030.05_pic4.jpeg,1
13563,011-193.22_pic0.jpeg,0
14870,002-036.05_pic0.jpeg,0
13314,010-052.06_pic0.jpeg,1
18630,060-193.02_pic2.jpeg,0
14756,010-042.13_pic2.jpeg,1
17781,026-102.13_pic3.jpeg,0
17017,026-176.05_pic0.jpeg,2
687,026-172.63_pic4.jpeg,0
15030,008-019.18_pic0.jpeg,2
3053,045-540.24_pic1.jpeg,0
2939,045-163.20_pic1.jpeg,0
19726,052-276.26_pic0.jpeg,0
13662,011-194.23_pic2.jpeg,1
16406,008-014.42_pic3.jpeg,1
15134,002-117.03_pic1.jpeg,1
16226,008-006.09_pic4.jpeg,1
13444,010-091.23_pic3.jpeg,2
16387,008-012.02_pic3.jpeg,1
17768,026-108.02_pic0.jpeg,2
25092,073-876.31_pic2.jpeg,0
5930,007-242.15_pic4.jpeg,0
24763,073-831.06_pic2.jpeg,0
23978,373-725.01_pic1.jpeg,2
13334,010-052.15_pic2.jpeg,2
16538,008-015.14_pic1.jpeg,1
15060,002-049.03_pic0.jpeg,1
17326,026-176.14_pic2.jpeg,2
12944,010-034.17_pic3.jpeg,0
13816,010-003.19_pic3.jpeg,1
8640,002-014.15_pic4.jpeg,0
12805,010-005.05_pic1.jpeg,0
11238,010-059.03_pic1.jpeg,0
12617,045-503.33_pic1.jpeg,1
11985,045-147.05_pic2.jpeg,1
17249,026-178.60_pic2.jpeg,0
9672,027-146.17_pic1.jpeg,0
14484,010-040.19_pic0.jpeg,1
14402,010-042.01_pic1.jpeg,2
15213,002-039.12_pic0.jpeg,1
14226,010-025.13_pic3.jpeg,1
2959,045-160.08_pic4.jpeg,0
13072,010-187.18_pic3.jpeg,2
19750,052-276.05_pic0.jpeg,1
17173,026-185.29_pic3.jpeg,1
12059,045-150.34_pic0.jpeg,1
17793,026-109.01_pic0.jpeg,2
23462,073-932.11_pic0.jpeg,2
13296,010-052.12_pic0.jpeg,0
15587,008-034.37_pic0.jpeg,1
24318,373-099.02_pic2.jpeg,0
15356,008-022.19_pic0.jpeg,0
24699,073-835.06_pic4.jpeg,2
13035,010-184.37_pic0.jpeg,0
24825,073-830.03_pic2.jpeg,0
16340,008-140.68_pic0.jpeg,1
14565,010-033.17_pic3.jpeg,1
12992,010-184.13_pic2.jpeg,1
13343,010-039.11_pic0.jpeg,1
16109,001-096.11_pic0.jpeg,1
25847,373-555.03_pic1.jpeg,2
14196,010-019.23_pic1.jpeg,1
22076,073-927.50_pic3.jpeg,1
24401,073-925.04_pic3.jpeg,0
24613,073-690.56_pic2.jpeg,2
12909,010-039.08_pic4.jpeg,1
19353,052-264.01_pic3.jpeg,1
9506,010-087.11_pic4.jpeg,0
14320,010-026.12_pic1.jpeg,2
17489,026-185.18_pic0.jpeg,0
19871,052-281.22_pic0.jpeg,0
13331,010-052.19_pic3.jpeg,1
21800,373-545.27_pic2.jpeg,0
15446,008-031.46_pic0.jpeg,1
12363,045-728.23_pic2.jpeg,0
23632,073-933.32_pic2.jpeg,0
16907,026-175.62_pic0.jpeg,0
17843,026-128.03_pic2.jpeg,2
25738,373-555.12_pic3.jpeg,2
15739,008-041.42_pic0.jpeg,1
14152,010-018.26_pic0.jpeg,0
13262,010-055.15_pic0.jpeg,1
1179,026-134.12_pic0.jpeg,0
24015,373-725.09_pic0.jpeg,2
18991,060-292.04_pic0.jpeg,0
17876,026-128.07_pic1.jpeg,2
4480,008-082.30_pic4.jpeg,0
17477,026-184.12_pic0.jpeg,2
16341,008-140.68_pic4.jpeg,1
23195,073-939.25_pic4.jpeg,2
15008,008-019.07_pic1.jpeg,1
9173,010-096.19_pic3.jpeg,0
19265,052-263.37_pic3.jpeg,0
13353,010-093.20_pic0.jpeg,0
15300,008-027.21_pic0.jpeg,1
14156,010-018.28_pic0.jpeg,1
17631,026-242.16_pic2.jpeg,2
14495,010-030.01_pic4.jpeg,1
14713,010-043.11_pic1.jpeg,1
17411,026-209.05_pic0.jpeg,1
13815,010-003.19_pic1.jpeg,1
13236,010-071.24_pic4.jpeg,1
12211,045-177.17_pic3.jpeg,0
21332,073-916.09_pic1.jpeg,2
4470,008-082.33_pic1.jpeg,0
17786,026-108.39_pic0.jpeg,1
15381,008-035.30_pic0.jpeg,1
16777,026-177.63_pic0.jpeg,0
23976,373-723.03_pic2.jpeg,2
21860,373-532.10_pic0.jpeg,0
18,026-214.23_pic2.jpeg,0
4116,045-515.41_pic1.jpeg,0
17297,026-176.16_pic0.jpeg,1
22114,073-944.14_pic0.jpeg,0
16742,026-180.07_pic0.jpeg,1
3591,061-530.18_pic1.jpeg,0
16845,026-178.50_pic1.jpeg,2
15047,008-018.22_pic0.jpeg,1
16953,026-174.25_pic1.jpeg,0
20880,052-303.24_pic0.jpeg,0
9895,027-150.12_pic1.jpeg,0
15918,008-055.16_pic4.jpeg,1
15850,008-042.44_pic0.jpeg,1
6681,001-070.11_pic0.jpeg,0
24851,073-827.44_pic2.jpeg,2
22046,073-942.16_pic2.jpeg,0
1086,026-135.11_pic3.jpeg,0
22704,073-947.06_pic3.jpeg,0
11847,045-172.03_pic0.jpeg,1
25927,373-094.51_pic0.jpeg,2
2049,025-075.04_pic4.jpeg,0
11896,045-506.27_pic0.jpeg,0
17947,026-103.16_pic1.jpeg,1
16610,008-014.20_pic3.jpeg,1
18943,060-288.21_pic0.jpeg,0
22694,073-945.22_pic3.jpeg,0
6393,307-129.15_pic0.jpeg,0
23254,073-949.01_pic2.jpeg,0
16582,008-011.28_pic3.jpeg,2
540,026-187.21_pic1.jpeg,0
4881,008-084.30_pic0.jpeg,0
22840,073-946.22_pic1.jpeg,0
13766,011-231.10_pic0.jpeg,1
2080,025-215.14_pic2.jpeg,0
22369,373-531.46_pic4.jpeg,0
22437,073-927.25_pic2.jpeg,0
13063,010-187.11_pic0.jpeg,0
1779,025-077.07_pic1.jpeg,0
13685,011-194.22_pic1.jpeg,1
16566,008-011.36_pic0.jpeg,1
14803,010-042.18_pic0.jpeg,0
2142,026-112.22_pic0.jpeg,0
24688,073-835.09_pic3.jpeg,2
18781,060-280.12_pic0.jpeg,0
6678,001-071.08_pic2.jpeg,0
23406,073-935.23_pic4.jpeg,0
9929,027-150.04_pic1.jpeg,0
15612,008-024.40_pic2.jpeg,1
15102,002-051.05_pic1.jpeg,2
8383,002-021.11_pic1.jpeg,0
13342,010-039.24_pic4.jpeg,1
25188,073-879.02_pic0.jpeg,0
14114,010-019.11_pic0.jpeg,0
13527,011-199.16_pic2.jpeg,1
17614,026-242.17_pic2.jpeg,1
23788,373-613.09_pic0.jpeg,2
13443,010-091.23_pic1.jpeg,2
23549,073-936.01_pic3.jpeg,2
16068,001-096.20_pic0.jpeg,2
992,026-171.53_pic3.jpeg,0
17741,026-102.06_pic0.jpeg,2
22669,073-946.19_pic2.jpeg,0
14752,010-042.11_pic1.jpeg,0
13197,010-074.30_pic0.jpeg,0
9238,010-085.08_pic2.jpeg,0
16617,008-010.10_pic3.jpeg,1
14997,008-021.33_pic2.jpeg,1
17436,026-211.25_pic2.jpeg,2
13403,010-093.40_pic0.jpeg,0
10369,010-065.12_pic3.jpeg,0
11969,045-171.11_pic3.jpeg,1
17546,026-183.22_pic0.jpeg,2
12050,045-150.31_pic0.jpeg,1
6442,001-080.11_pic0.jpeg,0
16230,008-002.05_pic0.jpeg,1
4707,008-083.22_pic3.jpeg,0
9323,027-169.12_pic3.jpeg,0
10062,027-145.25_pic2.jpeg,0
21465,073-918.01_pic3.jpeg,0
6017,007-042.06_pic2.jpeg,0
13901,010-022.25_pic2.jpeg,1
9867,027-146.12_pic2.jpeg,0
12511,045-728.36_pic1.jpeg,0
20383,052-295.12_pic0.jpeg,0
6234,007-032.22_pic2.jpeg,0
17804,026-102.07_pic0.jpeg,1
8865,010-100.04_pic1.jpeg,0
20411,052-294.02_pic0.jpeg,2
16564,008-015.31_pic1.jpeg,1
7000,011-229.25_pic3.jpeg,0
16774,026-178.55_pic3.jpeg,0
22291,073-927.35_pic4.jpeg,0
16294,008-001.03_pic0.jpeg,1
5274,008-079.49_pic3.jpeg,0
16019,008-003.01_pic2.jpeg,2
20277,052-289.09_pic0.jpeg,0
14450,010-031.05_pic1.jpeg,1
24843,073-827.42_pic0.jpeg,0
19392,052-264.74_pic1.jpeg,1
14781,010-043.23_pic2.jpeg,0
17140,026-183.19_pic2.jpeg,1
4858,008-084.33_pic4.jpeg,0
22475,073-944.25_pic0.jpeg,0
15460,008-030.01_pic0.jpeg,1
16694,026-180.04_pic2.jpeg,1
13365,010-093.11_pic0.jpeg,1
808,026-172.36_pic4.jpeg,0
9566,010-088.06_pic2.jpeg,0
12220,045-177.15_pic2.jpeg,1
24262,073-923.10_pic4.jpeg,0
16600,008-009.03_pic3.jpeg,1
13152,010-074.20_pic2.jpeg,0
13827,010-003.03_pic3.jpeg,0
17993,052-323.12_pic4.jpeg,0
15351,002-037.09_pic0.jpeg,0
16069,001-096.20_pic3.jpeg,2
20207,052-294.22_pic3.jpeg,0
17584,026-242.41_pic0.jpeg,1
24852,073-827.44_pic4.jpeg,2
17430,026-212.22_pic4.jpeg,2
24,026-214.24_pic0.jpeg,0
13707,011-232.13_pic2.jpeg,1
2377,025-057.18_pic3.jpeg,0
15240,008-027.10_pic0.jpeg,1
14225,010-025.13_pic0.jpeg,1
16281,008-002.10_pic0.jpeg,0
10224,027-140.08_pic3.jpeg,0
23956,373-608.17_pic1.jpeg,2
15382,008-035.30_pic4.jpeg,1
15177,008-025.18_pic3.jpeg,0
22375,073-943.26_pic2.jpeg,0
13366,010-093.11_pic4.jpeg,1
24871,073-735.19_pic0.jpeg,0
14625,010-023.08_pic2.jpeg,1
10463,027-142.08_pic0.jpeg,0
13424,010-093.37_pic1.jpeg,1
20863,052-302.11_pic1.jpeg,1
14774,010-030.15_pic0.jpeg,0
13254,010-055.12_pic0.jpeg,1
14507,010-024.13_pic2.jpeg,0
17602,026-241.48_pic3.jpeg,2
2064,026-112.33_pic4.jpeg,0
16426,008-015.05_pic0.jpeg,0
16040,001-098.25_pic3.jpeg,2
17511,026-184.15_pic0.jpeg,2
18589,060-192.12_pic0.jpeg,0
1449,026-095.39_pic0.jpeg,0
14415,010-030.21_pic0.jpeg,0
24827,073-833.46_pic2.jpeg,0
25072,073-876.36_pic0.jpeg,0
20603,052-310.16_pic1.jpeg,0
13949,010-025.02_pic2.jpeg,0
9733,027-146.06_pic0.jpeg,0
16279,008-003.11_pic2.jpeg,1
16036,008-001.21_pic0.jpeg,1
13522,011-199.15_pic0.jpeg,1
25922,373-094.49_pic0.jpeg,0
17596,026-241.23_pic0.jpeg,0
16950,026-174.30_pic4.jpeg,1
21162,073-920.09_pic0.jpeg,0
11510,027-100.23_pic2.jpeg,0
15034,008-019.01_pic2.jpeg,0
19594,052-362.42_pic2.jpeg,1
16836,026-178.48_pic4.jpeg,1
17792,026-109.41_pic4.jpeg,1
17818,026-101.18_pic1.jpeg,2
13601,011-193.11_pic4.jpeg,1
13698,011-237.19_pic0.jpeg,0
19021,060-293.03_pic2.jpeg,0
8819,010-114.02_pic4.jpeg,0
16142,008-014.45_pic0.jpeg,0
5761,001-102.18_pic0.jpeg,0
7123,011-242.17_pic2.jpeg,0
15461,008-030.01_pic2.jpeg,1
23954,373-608.16_pic0.jpeg,2
12678,045-505.15_pic2.jpeg,1
10496,010-076.15_pic3.jpeg,0
16305,008-012.05_pic0.jpeg,1
12727,045-505.08_pic3.jpeg,1
898,026-171.41_pic3.jpeg,0
15017,008-020.23_pic3.jpeg,1
21981,073-927.05_pic2.jpeg,0
16846,026-178.50_pic2.jpeg,2
17815,026-104.34_pic0.jpeg,0
23546,073-936.01_pic0.jpeg,2
9350,027-170.10_pic3.jpeg,0
20302,052-289.07_pic3.jpeg,0
10858,027-143.04_pic0.jpeg,0
17583,026-242.03_pic4.jpeg,0
10797,010-061.15_pic3.jpeg,0
20146,052-282.13_pic1.jpeg,1
11930,045-150.01_pic2.jpeg,1
15490,008-024.02_pic0.jpeg,0
11070,010-056.16_pic1.jpeg,0
10931,027-143.19_pic0.jpeg,0
16089,001-098.06_pic3.jpeg,1
25168,073-871.16_pic3.jpeg,0
13900,010-022.25_pic0.jpeg,1
18091,052-324.01_pic0.jpeg,1
25727,373-555.13_pic3.jpeg,2
6150,007-031.25_pic4.jpeg,0
8008,011-142.10_pic0.jpeg,0
9099,010-097.04_pic3.jpeg,0
14618,010-023.15_pic0.jpeg,0
16622,008-010.06_pic2.jpeg,1
13749,011-230.08_pic1.jpeg,1
16447,008-017.41_pic0.jpeg,1
23872,373-103.61_pic1.jpeg,2
22508,073-944.23_pic3.jpeg,0
17910,026-107.28_pic0.jpeg,2
12450,045-730.20_pic2.jpeg,0
17103,026-184.18_pic0.jpeg,1
9874,027-150.08_pic3.jpeg,0
11631,010-044.15_pic1.jpeg,0
13252,010-055.06_pic2.jpeg,1
25913,373-094.45_pic2.jpeg,0
17883,026-124.26_pic0.jpeg,0
15230,002-117.25_pic4.jpeg,1
22083,073-943.07_pic2.jpeg,0
12751,010-006.15_pic1.jpeg,1
12986,010-034.21_pic3.jpeg,1
14447,010-030.28_pic3.jpeg,0
24795,073-827.35_pic4.jpeg,2
16033,008-001.17_pic4.jpeg,1
17806,026-107.06_pic2.jpeg,1
13071,010-187.18_pic2.jpeg,2
25567,073-869.02_pic0.jpeg,0
13628,011-196.13_pic2.jpeg,1
21897,373-532.09_pic1.jpeg,0
3364,045-536.11_pic0.jpeg,0
20296,052-289.06_pic2.jpeg,0
24538,160-894.06_pic4.jpeg,0
16565,008-015.31_pic3.jpeg,1
7879,011-149.18_pic0.jpeg,0
15753,008-041.33_pic4.jpeg,0
14392,010-030.05_pic3.jpeg,1
24213,073-924.20_pic2.jpeg,0
299,026-207.15_pic1.jpeg,0
10445,010-075.10_pic1.jpeg,0
16468,008-017.33_pic4.jpeg,2
16696,026-174.41_pic2.jpeg,1
23544,073-932.10_pic3.jpeg,0
15463,008-024.03_pic3.jpeg,2
25323,073-872.07_pic0.jpeg,0
21651,073-912.12_pic2.jpeg,0
17210,026-183.30_pic3.jpeg,0
12666,045-506.07_pic0.jpeg,0
16577,008-144.05_pic2.jpeg,0
12709,045-506.47_pic4.jpeg,1
23643,373-613.04_pic2.jpeg,0
14646,010-050.02_pic0.jpeg,1
6621,001-071.03_pic0.jpeg,0
24340,073-925.15_pic2.jpeg,0
14436,010-031.23_pic2.jpeg,1
25104,073-875.12_pic2.jpeg,2
14998,008-021.34_pic1.jpeg,1
511,026-206.34_pic0.jpeg,0
19391,052-264.74_pic0.jpeg,1
14725,010-043.02_pic3.jpeg,1
5503,008-077.21_pic2.jpeg,0
15992,008-044.07_pic4.jpeg,2
17105,026-184.18_pic3.jpeg,1
12906,010-039.26_pic3.jpeg,2
16897,026-178.01_pic4.jpeg,1
16044,001-098.13_pic4.jpeg,1
12977,010-034.02_pic0.jpeg,0
15258,002-039.03_pic0.jpeg,1
13277,010-055.05_pic0.jpeg,1
8020,011-142.11_pic0.jpeg,0
15516,008-042.26_pic0.jpeg,1
5429,008-078.38_pic1.jpeg,0
23463,073-932.11_pic1.jpeg,2
15488,008-024.16_pic2.jpeg,2
16745,026-174.42_pic0.jpeg,0
24555,160-896.04_pic2.jpeg,0
8995,010-100.18_pic0.jpeg,0
12830,010-007.08_pic1.jpeg,0
